direction,entry_time,entry_price,qty,exit_time,exit_price,exit_reason,pnl
SHORT,2023-01-02 09:35:00+05:30,1220.2785,819,2023-01-02 09:55:00+05:30,1222.7214999999999,CROSS_UP,-2400.3969999999863
SHORT,2023-01-02 10:25:00+05:30,1219.3793999999998,818,2023-01-02 10:45:00+05:30,1224.8235999999997,CROSS_UP,-4852.405599999926
SHORT,2023-01-02 11:55:00+05:30,1219.5792,814,2023-01-02 12:15:00+05:30,1222.7214999999999,CROSS_UP,-2955.092199999982
LONG,2023-01-02 12:25:00+05:30,1223.1218999999999,809,2023-01-02 12:45:00+05:30,1220.778,CROSS_DOWN,-2291.6250999998774
SHORT,2023-01-02 14:25:00+05:30,1219.5792,809,2023-01-02 14:45:00+05:30,1223.7224999999999,CROSS_UP,-3747.0896999999622
LONG,2023-01-02 15:05:00+05:30,1229.0277999999998,800,2023-01-02 15:25:00+05:30,1227.3714,CROSS_DOWN,-1718.4699999998788
SHORT,2023-01-03 11:45:00+05:30,1220.32845,804,2023-01-03 12:05:00+05:30,1218.0668499999997,CROSS_UP,1425.436400000218
LONG,2023-01-06 09:25:00+05:30,1213.6124,810,2023-01-06 09:45:00+05:30,1209.03975,CROSS_DOWN,-4096.456500000054
SHORT,2023-01-06 13:25:00+05:30,1202.24655,814,2023-01-06 13:45:00+05:30,1206.205,CROSS_UP,-3614.5082999998835
LONG,2023-01-06 14:55:00+05:30,1209.8085999999998,806,2023-01-06 15:15:00+05:30,1208.1906000000001,CROSS_DOWN,-1694.6179999997669
SHORT,2023-01-10 10:35:00+05:30,1228.1706000000001,793,2023-01-10 10:55:00+05:30,1231.7305,CROSS_UP,-3213.660699999796
LONG,2023-01-13 13:25:00+05:30,1174.3732,826,2023-01-13 13:45:00+05:30,1175.2236,CROSS_DOWN,313.14040000002973
SHORT,2023-01-16 10:25:00+05:30,1170.9279,829,2023-01-16 10:45:00+05:30,1173.12195,CROSS_UP,-2208.3174500000505
LONG,2023-01-17 09:45:00+05:30,1174.9737999999998,824,2023-01-17 10:05:00+05:30,1173.4253999999999,CROSS_DOWN,-1663.951599999919
SHORT,2023-01-18 15:05:00+05:30,1177.0218,821,2023-01-18 15:25:00+05:30,1180.2790999999997,CROSS_UP,-3062.2032999998023
LONG,2023-01-19 11:55:00+05:30,1180.0288499999997,817,2023-01-19 12:15:00+05:30,1178.9198999999999,CROSS_DOWN,-1292.752149999855
SHORT,2023-01-19 13:15:00+05:30,1176.4224,818,2023-01-19 13:35:00+05:30,1181.2800999999997,CROSS_UP,-4360.228599999833
LONG,2023-01-19 13:55:00+05:30,1183.13195,810,2023-01-19 14:15:00+05:30,1177.27155,CROSS_DOWN,-5130.5340000000215
SHORT,2023-01-19 15:15:00+05:30,1175.0238,811,2023-01-19 15:25:00+05:30,1177.8767,EOD,-2696.921900000074
LONG,2023-01-23 10:15:00+05:30,1172.1709999999998,811,2023-01-23 10:35:00+05:30,1168.4304,CROSS_DOWN,-3415.016599999885
SHORT,2023-01-23 11:05:00+05:30,1163.2356,814,2023-01-23 11:25:00+05:30,1165.91475,CROSS_UP,-2561.8980999999476
LONG,2023-01-30 09:25:00+05:30,1115.4143,847,2023-01-30 09:45:00+05:30,1114.13475,CROSS_DOWN,-1463.6488499999764
SHORT,2023-01-30 13:15:00+05:30,1108.6902,850,2023-01-30 13:35:00+05:30,1111.2100999999998,CROSS_UP,-2521.404999999813
LONG,2023-01-30 14:45:00+05:30,1121.7205999999999,838,2023-01-30 15:05:00+05:30,1122.3765,CROSS_DOWN,170.98420000016887
SHORT,2023-01-31 12:15:00+05:30,1117.881,841,2023-01-31 12:35:00+05:30,1120.9198,CROSS_UP,-2934.3507999998405
LONG,2023-01-31 15:05:00+05:30,1123.4222999999997,834,2023-01-31 15:25:00+05:30,1122.0768,CROSS_DOWN,-1499.2469999997286
SHORT,2023-02-01 12:15:00+05:30,1122.8260500000001,834,2023-02-01 12:35:00+05:30,1126.8256999999999,CROSS_UP,-3713.178099999789
SHORT,2023-02-01 13:25:00+05:30,1117.4814,834,2023-02-01 13:45:00+05:30,1116.4153,CROSS_UP,513.5074000000048
LONG,2023-02-03 12:45:00+05:30,1108.2070999999999,842,2023-02-03 13:05:00+05:30,1104.5943,CROSS_DOWN,-3417.1875999998983
SHORT,2023-02-06 09:45:00+05:30,1102.6961999999999,843,2023-02-06 10:05:00+05:30,1103.5024,CROSS_UP,-1054.5066000001832
LONG,2023-02-07 09:25:00+05:30,1108.3072,838,2023-02-07 09:45:00+05:30,1106.04285,CROSS_DOWN,-2271.5252999999348
SHORT,2023-02-07 11:55:00+05:30,1102.2466499999998,840,2023-02-07 12:15:00+05:30,1104.2030999999997,CROSS_UP,-2017.0579999999195
LONG,2023-02-08 09:35:00+05:30,1117.3162,827,2023-02-08 09:55:00+05:30,1114.2346499999999,CROSS_DOWN,-2920.5818500000883
SHORT,2023-02-09 09:45:00+05:30,1116.3825,825,2023-02-09 10:05:00+05:30,1123.2220999999997,CROSS_UP,-6014.859999999828
LONG,2023-02-09 10:15:00+05:30,1127.67655,811,2023-02-09 10:35:00+05:30,1127.4714,CROSS_DOWN,-535.8666500000027
SHORT,2023-02-10 09:25:00+05:30,1112.6861999999999,822,2023-02-10 09:45:00+05:30,1110.4092999999998,CROSS_UP,1502.1718000000565
LONG,2023-02-10 15:05:00+05:30,1114.7135999999998,822,2023-02-10 15:25:00+05:30,1112.5863,CROSS_DOWN,-2118.2905999998993
SHORT,2023-02-13 10:05:00+05:30,1105.5933,827,2023-02-13 10:25:00+05:30,1109.9588499999998,CROSS_UP,-3979.9998499997996
LONG,2023-02-14 09:25:00+05:30,1118.26715,814,2023-02-14 09:45:00+05:30,1116.6322499999999,CROSS_DOWN,-1698.4486000000131
SHORT,2023-02-16 13:35:00+05:30,1161.7371,782,2023-02-16 13:55:00+05:30,1160.7595999999999,CROSS_UP,397.0650000001493
LONG,2023-02-17 12:15:00+05:30,1161.6605,782,2023-02-17 12:35:00+05:30,1157.9408999999998,CROSS_DOWN,-3275.2672000001003
LONG,2023-02-17 14:35:00+05:30,1161.6605,779,2023-02-17 14:55:00+05:30,1159.4394,CROSS_DOWN,-2095.886899999983
LONG,2023-02-17 15:05:00+05:30,1164.1629999999998,776,2023-02-17 15:25:00+05:30,1160.78805,CROSS_DOWN,-2983.811199999745
SHORT,2023-02-20 10:25:00+05:30,1155.2436,779,2023-02-20 10:45:00+05:30,1158.2570999999998,CROSS_UP,-2712.0464999998394
LONG,2023-02-20 11:25:00+05:30,1163.11195,772,2023-02-20 11:45:00+05:30,1161.6372,CROSS_DOWN,-1501.857000000066
SHORT,2023-02-20 12:55:00+05:30,1156.09275,775,2023-02-20 13:15:00+05:30,1156.8556999999998,CROSS_UP,-954.3162499998596
LONG,2023-02-21 11:25:00+05:30,1157.156,774,2023-02-21 11:45:00+05:30,1153.1457,CROSS_DOWN,-3465.9521999999347
SHORT,2023-02-21 12:15:00+05:30,1151.99685,774,2023-02-21 12:35:00+05:30,1154.7035499999997,CROSS_UP,-2456.5857999997893
LONG,2023-02-21 13:05:00+05:30,1159.2580999999998,767,2023-02-21 13:25:00+05:30,1157.6412,CROSS_DOWN,-1600.3822999998156
SHORT,2023-02-22 09:35:00+05:30,1146.2526,774,2023-02-22 09:55:00+05:30,1144.2430999999997,CROSS_UP,1195.5630000002661
LONG,2023-02-23 11:25:00+05:30,1141.7405999999999,778,2023-02-23 11:45:00+05:30,1138.1607,CROSS_DOWN,-3144.642199999963
SHORT,2023-02-23 12:45:00+05:30,1135.9629,780,2023-02-23 13:05:00+05:30,1138.9378,CROSS_UP,-2680.0619999999485
LONG,2023-02-24 10:15:00+05:30,1142.4412999999997,773,2023-02-24 10:35:00+05:30,1137.3115500000001,CROSS_DOWN,-4322.606749999693
SHORT,2023-02-24 12:05:00+05:30,1131.867,776,2023-02-24 12:25:00+05:30,1133.0319,CROSS_UP,-1260.7923999999912
LONG,2023-02-24 15:15:00+05:30,1139.2380999999998,770,2023-02-24 15:25:00+05:30,1136.9619,EOD,-2108.543999999838
SHORT,2023-02-27 10:05:00+05:30,1121.877,780,2023-02-27 10:25:00+05:30,1126.2250999999999,CROSS_UP,-3747.3679999999467
LONG,2023-03-01 11:15:00+05:30,1115.2140999999997,781,2023-03-01 11:35:00+05:30,1112.2366499999998,CROSS_DOWN,-2678.898449999893
SHORT,2023-03-02 10:05:00+05:30,1110.53835,782,2023-03-02 10:25:00+05:30,1113.8127,CROSS_UP,-2913.9916999999323
LONG,2023-03-02 11:45:00+05:30,1116.06495,776,2023-03-02 12:05:00+05:30,1114.7841,CROSS_DOWN,-1346.1095999999015
SHORT,2023-03-02 13:05:00+05:30,1110.0888,779,2023-03-02 13:25:00+05:30,1109.4082999999998,CROSS_UP,178.15950000012896
LONG,2023-03-03 09:25:00+05:30,1125.0239,769,2023-03-03 09:45:00+05:30,1122.5763,CROSS_DOWN,-2233.7843999999736
SHORT,2023-03-08 09:15:00+05:30,1139.70915,757,2023-03-08 09:35:00+05:30,1146.6454999999999,CROSS_UP,-5602.43694999996
LONG,2023-03-08 13:35:00+05:30,1148.2470999999998,746,2023-03-08 13:55:00+05:30,1149.1497,CROSS_DOWN,324.03960000008976
SHORT,2023-03-09 09:35:00+05:30,1138.4104499999999,753,2023-03-09 09:55:00+05:30,1139.3382,CROSS_UP,-1047.975750000045
LONG,2023-03-13 09:25:00+05:30,1113.56245,769,2023-03-13 09:45:00+05:30,1109.83905,CROSS_DOWN,-3211.4845999998893
SHORT,2023-03-13 11:45:00+05:30,1105.9929,771,2023-03-13 12:05:00+05:30,1108.05695,CROSS_UP,-1939.232549999963
LONG,2023-03-16 14:15:00+05:30,1070.6695999999997,795,2023-03-16 14:35:00+05:30,1066.1328,CROSS_DOWN,-3952.9259999997053
SHORT,2023-03-16 14:55:00+05:30,1060.48845,799,2023-03-16 15:15:00+05:30,1061.8608,CROSS_UP,-1442.4276499998955
LONG,2023-03-17 14:35:00+05:30,1062.1610999999998,796,2023-03-17 14:55:00+05:30,1057.6413,CROSS_DOWN,-3941.920799999845
LONG,2023-03-20 15:25:00+05:30,1055.20415,798,2023-03-21 09:25:00+05:30,1062.7362,CROSS_DOWN,5664.865900000022
SHORT,2023-03-22 15:05:00+05:30,1084.46445,781,2023-03-22 15:25:00+05:30,1084.9839,CROSS_UP,-751.4304500000048
LONG,2023-03-27 10:15:00+05:30,1067.4664,793,2023-03-27 10:35:00+05:30,1064.6343,CROSS_DOWN,-2590.765300000065
SHORT,2023-03-28 11:05:00+05:30,1068.28065,790,2023-03-28 11:25:00+05:30,1073.072,CROSS_UP,-4130.066499999973
SHORT,2023-03-28 14:55:00+05:30,1068.18075,786,2023-03-28 15:15:00+05:30,1072.6716,CROSS_UP,-3873.1580999999287
LONG,2023-03-28 15:25:00+05:30,1072.0209499999999,780,2023-03-29 09:25:00+05:30,1061.0878500000001,CROSS_DOWN,-8867.287999999797
LONG,2023-03-29 14:15:00+05:30,1064.6135499999998,777,2023-03-29 14:35:00+05:30,1062.38655,CROSS_DOWN,-2068.6289999998926
SHORT,2023-04-03 11:05:00+05:30,1102.9959,748,2023-04-03 11:25:00+05:30,1107.85675,CROSS_UP,-3974.1458000000207
LONG,2023-04-03 11:55:00+05:30,1111.11,739,2023-04-03 12:15:00+05:30,1107.6912,CROSS_DOWN,-2862.3731999999404
SHORT,2023-04-05 10:45:00+05:30,1103.54535,741,2023-04-05 11:05:00+05:30,1106.2050999999997,CROSS_UP,-2306.414749999686
LONG,2023-04-05 14:25:00+05:30,1107.5064,737,2023-04-05 14:45:00+05:30,1105.0938,CROSS_DOWN,-2112.4661999999144
SHORT,2023-04-10 10:55:00+05:30,1113.5853,731,2023-04-10 11:15:00+05:30,1115.8147,CROSS_UP,-1963.9113999999572
LONG,2023-04-10 12:05:00+05:30,1118.117,726,2023-04-10 12:25:00+05:30,1115.0838,CROSS_DOWN,-2534.7731999998923
SHORT,2023-04-10 13:25:00+05:30,1113.885,727,2023-04-10 13:45:00+05:30,1114.2130999999997,CROSS_UP,-571.1586999997979
LONG,2023-04-11 10:15:00+05:30,1114.9137999999998,725,2023-04-11 10:35:00+05:30,1111.4874,CROSS_DOWN,-2815.519999999877
SHORT,2023-04-11 12:25:00+05:30,1110.3885,726,2023-04-11 12:45:00+05:30,1112.16105,CROSS_UP,-1618.2812999999346
LONG,2023-04-11 14:55:00+05:30,1113.6625499999998,722,2023-04-11 15:15:00+05:30,1113.1857,CROSS_DOWN,-674.7856999998453
SHORT,2023-04-12 14:45:00+05:30,1115.0838,721,2023-04-12 15:05:00+05:30,1119.3182,CROSS_UP,-3383.7723999998725
LONG,2023-04-12 15:25:00+05:30,1119.5184,715,2023-04-13 09:25:00+05:30,1124.42445,CROSS_DOWN,3177.495750000036
SHORT,2023-04-13 12:15:00+05:30,1118.3305500000001,718,2023-04-13 12:35:00+05:30,1121.1700499999997,CROSS_UP,-2369.1009999997045
LONG,2023-04-13 15:15:00+05:30,1124.4733499999998,712,2023-04-13 15:25:00+05:30,1121.7771,EOD,-2248.559999999812
SHORT,2023-04-18 09:35:00+05:30,1121.3775,712,2023-04-18 09:55:00+05:30,1115.76465,CROSS_UP,3668.009199999986
LONG,2023-04-19 09:35:00+05:30,1118.0169,718,2023-04-19 09:55:00+05:30,1115.5833,CROSS_DOWN,-2076.94480000005
SHORT,2023-04-19 13:45:00+05:30,1115.1837,718,2023-04-19 14:05:00+05:30,1118.3672499999998,CROSS_UP,-2615.3488999998144
LONG,2023-04-19 15:15:00+05:30,1120.5194,712,2023-04-19 15:25:00+05:30,1118.3305500000001,EOD,-1886.4111999998397
SHORT,2023-04-20 10:15:00+05:30,1115.2836,714,2023-04-20 10:35:00+05:30,1113.76265,CROSS_UP,758.1683000000603
LONG,2023-04-20 15:15:00+05:30,1119.6685499999999,712,2023-04-20 15:25:00+05:30,1116.4823999999999,EOD,-2596.0687999999986
SHORT,2023-04-21 13:25:00+05:30,1117.0818000000002,711,2023-04-21 13:45:00+05:30,1121.0699499999998,CROSS_UP,-3162.8946499997705
SHORT,2023-04-24 14:45:00+05:30,1121.877,705,2023-04-24 15:05:00+05:30,1124.6735499999998,CROSS_UP,-2297.657749999857
SHORT,2023-04-25 10:55:00+05:30,1120.7781,704,2023-04-25 11:15:00+05:30,1123.1219999999998,CROSS_UP,-1975.5055999998935
LONG,2023-04-25 13:35:00+05:30,1126.4252999999999,698,2023-04-25 13:55:00+05:30,1124.9739,CROSS_DOWN,-1337.0971999999451
SHORT,2023-04-26 10:25:00+05:30,1123.6752,699,2023-04-26 10:45:00+05:30,1126.3752499999998,CROSS_UP,-2211.4949499999434
LONG,2023-04-26 12:15:00+05:30,1129.3282,693,2023-04-26 12:35:00+05:30,1127.3715,CROSS_DOWN,-1678.643099999969
SHORT,2023-04-26 13:35:00+05:30,1124.2746000000002,695,2023-04-26 13:55:00+05:30,1126.5254,CROSS_UP,-1887.0059999998605
LONG,2023-04-27 09:25:00+05:30,1129.9288,690,2023-04-27 09:45:00+05:30,1129.869,CROSS_DOWN,-363.231999999997
SHORT,2023-05-03 09:25:00+05:30,1151.0478,677,2023-05-03 09:45:00+05:30,1154.4533,CROSS_UP,-2627.5234999998966
LONG,2023-05-04 09:35:00+05:30,1157.8566999999998,671,2023-05-04 09:55:00+05:30,1157.7411000000002,CROSS_DOWN,-398.5675999997525
SHORT,2023-05-05 12:35:00+05:30,1163.1357,667,2023-05-05 12:55:00+05:30,1164.9637999999998,CROSS_UP,-1540.0626999998146
LONG,2023-05-08 09:25:00+05:30,1175.174,659,2023-05-08 09:45:00+05:30,1170.7780500000001,CROSS_DOWN,-3216.2610499999055
SHORT,2023-05-09 14:05:00+05:30,1180.7680500000001,653,2023-05-09 14:25:00+05:30,1183.1819999999998,CROSS_UP,-1895.3693499997771
SHORT,2023-05-11 12:45:00+05:30,1183.7151000000001,650,2023-05-11 13:05:00+05:30,1186.83565,CROSS_UP,-2346.877499999913
LONG,2023-05-12 13:45:00+05:30,1182.3811999999998,649,2023-05-12 14:05:00+05:30,1181.1676499999999,CROSS_DOWN,-1105.0239499999616
SHORT,2023-05-15 15:25:00+05:30,1183.0158000000001,648,2023-05-16 09:25:00+05:30,1186.7855999999997,CROSS_UP,-2760.3803999997263
LONG,2023-05-18 09:35:00+05:30,1169.6684999999998,653,2023-05-18 09:55:00+05:30,1164.0348000000001,CROSS_DOWN,-3994.146099999761
SHORT,2023-05-18 10:55:00+05:30,1163.98485,652,2023-05-18 11:15:00+05:30,1167.5664,CROSS_UP,-2650.0005999999216
SHORT,2023-05-18 12:45:00+05:30,1162.1866499999999,651,2023-05-18 13:05:00+05:30,1164.7635999999998,CROSS_UP,-1991.564449999933
LONG,2023-05-19 12:05:00+05:30,1161.21005,650,2023-05-19 12:25:00+05:30,1156.7421000000002,CROSS_DOWN,-3216.567499999835
SHORT,2023-05-19 12:45:00+05:30,1157.49135,649,2023-05-19 13:05:00+05:30,1158.9578,CROSS_UP,-1263.7560499999322
LONG,2023-05-19 14:05:00+05:30,1162.4613,645,2023-05-19 14:25:00+05:30,1159.5393000000001,CROSS_DOWN,-2195.61999999987
SHORT,2023-05-22 13:45:00+05:30,1166.0328,641,2023-05-22 14:05:00+05:30,1168.3171499999999,CROSS_UP,-1774.9983499999385
LONG,2023-05-22 15:25:00+05:30,1170.9697999999999,637,2023-05-23 09:25:00+05:30,1173.1257,CROSS_DOWN,1062.8183000001284
SHORT,2023-05-23 14:25:00+05:30,1170.5283,638,2023-05-23 14:45:00+05:30,1170.7695999999999,CROSS_UP,-464.36939999994263
LONG,2023-05-25 15:15:00+05:30,1165.6644999999999,641,2023-05-25 15:25:00+05:30,1164.0348000000001,EOD,-1354.8876999998267
SHORT,2023-05-30 12:15:00+05:30,1200.1986000000002,621,2023-05-30 12:35:00+05:30,1202.2009999999998,CROSS_UP,-1553.460399999767
LONG,2023-05-30 13:25:00+05:30,1205.1039,617,2023-05-30 13:45:00+05:30,1203.6451499999998,CROSS_DOWN,-1209.058750000146
SHORT,2023-05-30 15:15:00+05:30,1200.6981,618,2023-05-30 15:25:00+05:30,1202.5013,EOD,-1423.187599999897
LONG,2023-06-02 13:45:00+05:30,1175.6744999999999,630,2023-06-02 14:05:00+05:30,1172.1766499999999,CROSS_DOWN,-2511.265499999982
SHORT,2023-06-02 14:35:00+05:30,1168.87995,632,2023-06-02 14:55:00+05:30,1171.9207499999998,CROSS_UP,-2229.47559999985
LONG,2023-06-05 09:55:00+05:30,1176.0248499999998,626,2023-06-05 10:15:00+05:30,1174.7241000000001,CROSS_DOWN,-1120.7094999997826
SHORT,2023-06-06 11:15:00+05:30,1175.5233,626,2023-06-06 11:35:00+05:30,1176.7755999999997,CROSS_UP,-1090.5597999997808
LONG,2023-06-06 15:05:00+05:30,1183.1819999999998,621,2023-06-06 15:25:00+05:30,1182.6162,CROSS_DOWN,-657.4317999999091
SHORT,2023-06-08 13:15:00+05:30,1191.4073999999998,616,2023-06-08 13:35:00+05:30,1194.3932,CROSS_UP,-2145.2428000000946
SHORT,2023-06-08 14:55:00+05:30,1188.9098999999999,615,2023-06-08 15:15:00+05:30,1193.9927999999998,CROSS_UP,-3431.093499999927
LONG,2023-06-09 09:25:00+05:30,1191.7905999999998,611,2023-06-09 09:45:00+05:30,1190.1586499999999,CROSS_DOWN,-1300.681449999976
LONG,2023-06-09 12:05:00+05:30,1194.4932999999999,608,2023-06-09 12:25:00+05:30,1190.9079,CROSS_DOWN,-2482.473199999961
SHORT,2023-06-09 13:35:00+05:30,1188.0108,610,2023-06-09 13:55:00+05:30,1189.9387499999998,CROSS_UP,-1478.7394999998673
LONG,2023-06-12 13:45:00+05:30,1185.7845999999997,610,2023-06-12 14:05:00+05:30,1184.1146999999999,CROSS_DOWN,-1320.478999999921
SHORT,2023-06-15 14:35:00+05:30,1213.23555,595,2023-06-15 14:55:00+05:30,1218.86765,CROSS_UP,-3652.9494999998865
LONG,2023-06-16 09:25:00+05:30,1226.3250999999998,585,2023-06-16 09:45:00+05:30,1224.12465,CROSS_DOWN,-1586.9432499998939
SHORT,2023-06-19 09:45:00+05:30,1220.4783,587,2023-06-19 10:05:00+05:30,1221.3200999999997,CROSS_UP,-793.8765999998202
LONG,2023-06-20 15:05:00+05:30,1220.8195999999998,586,2023-06-20 15:25:00+05:30,1219.8289499999998,CROSS_DOWN,-879.7008999999764
SHORT,2023-06-22 11:15:00+05:30,1216.73205,587,2023-06-22 11:35:00+05:30,1216.8155999999997,CROSS_UP,-347.9738499997679
LONG,2023-06-27 12:35:00+05:30,1190.2890999999997,600,2023-06-27 12:55:00+05:30,1186.9118999999998,CROSS_DOWN,-2324.6599999999416
LONG,2023-06-27 15:25:00+05:30,1190.2890999999997,598,2023-06-28 09:25:00+05:30,1192.5063,CROSS_DOWN,1027.4356000001646
SHORT,2023-07-04 09:55:00+05:30,1227.3714,581,2023-07-04 10:15:00+05:30,1232.18095,CROSS_UP,-3093.068549999968
LONG,2023-07-04 12:55:00+05:30,1235.5342999999998,574,2023-07-04 13:15:00+05:30,1234.764,CROSS_DOWN,-739.1821999999463
SHORT,2023-07-04 14:45:00+05:30,1231.4673,576,2023-07-04 15:05:00+05:30,1235.7344999999998,CROSS_UP,-2755.2771999998704
LONG,2023-07-05 09:25:00+05:30,1236.6354,571,2023-07-05 09:45:00+05:30,1232.21655,CROSS_DOWN,-2818.513349999882
LONG,2023-07-05 10:15:00+05:30,1234.8335999999997,570,2023-07-05 10:35:00+05:30,1232.4663,CROSS_DOWN,-1644.2509999998058
LONG,2023-07-05 10:55:00+05:30,1235.1339,568,2023-07-05 11:15:00+05:30,1233.1656,CROSS_DOWN,-1412.1343999999995
SHORT,2023-07-05 12:45:00+05:30,1231.3673999999999,569,2023-07-05 13:05:00+05:30,1234.233,CROSS_UP,-1924.7764000000489
LONG,2023-07-06 09:25:00+05:30,1245.7444999999998,561,2023-07-06 09:45:00+05:30,1250.8479,CROSS_DOWN,2568.677400000108
SHORT,2023-07-07 13:05:00+05:30,1257.6910500000001,557,2023-07-07 13:25:00+05:30,1261.41015,CROSS_UP,-2365.778699999888
LONG,2023-07-07 13:35:00+05:30,1259.8585999999998,555,2023-07-07 13:55:00+05:30,1257.4413,CROSS_DOWN,-1634.8614999999118
LONG,2023-07-07 14:15:00+05:30,1261.5102499999998,553,2023-07-07 14:35:00+05:30,1259.8389,CROSS_DOWN,-1217.0665499999157
SHORT,2023-07-07 15:15:00+05:30,1253.2954499999998,555,2023-07-07 15:25:00+05:30,1254.253,EOD,-823.8302500000461
LONG,2023-07-10 09:25:00+05:30,1292.0907999999997,538,2023-07-10 09:45:00+05:30,1297.45125,CROSS_DOWN,2590.8921000001915
SHORT,2023-07-12 15:05:00+05:30,1317.681,529,2023-07-12 15:25:00+05:30,1318.6173,CROSS_UP,-788.2126999999188
LONG,2023-07-13 09:45:00+05:30,1332.4310999999998,523,2023-07-13 10:05:00+05:30,1329.8688,CROSS_DOWN,-1632.5128999999074
SHORT,2023-07-13 13:55:00+05:30,1321.4772,526,2023-07-13 14:15:00+05:30,1321.4701499999999,CROSS_UP,-288.4716999999143
LONG,2023-07-17 09:15:00+05:30,1304.8034999999998,533,2023-07-17 09:35:00+05:30,1301.2474499999998,CROSS_DOWN,-2187.154649999954
LONG,2023-07-17 10:35:00+05:30,1310.5092,529,2023-07-17 10:55:00+05:30,1311.687,CROSS_DOWN,331.33619999996495
SHORT,2023-07-19 12:05:00+05:30,1335.4632,519,2023-07-19 12:25:00+05:30,1339.6382999999998,CROSS_UP,-2458.5068999999635
LONG,2023-07-19 14:55:00+05:30,1346.6453,513,2023-07-19 15:15:00+05:30,1355.49315,CROSS_DOWN,4246.967050000055
SHORT,2023-07-20 10:05:00+05:30,1306.8918,532,2023-07-20 10:25:00+05:30,1315.3139999999999,CROSS_UP,-4773.150399999866
LONG,2023-07-25 12:15:00+05:30,1251.0497999999998,552,2023-07-25 12:35:00+05:30,1247.751,CROSS_DOWN,-2111.00759999989
SHORT,2023-07-25 13:25:00+05:30,1244.00475,553,2023-07-25 13:45:00+05:30,1248.6474,CROSS_UP,-2857.2154500000015
LONG,2023-07-26 09:45:00+05:30,1264.2129499999999,542,2023-07-26 10:05:00+05:30,1270.728,CROSS_DOWN,3241.447100000109
SHORT,2023-07-26 15:05:00+05:30,1263.78495,545,2023-07-26 15:25:00+05:30,1263.7624999999998,CROSS_UP,-277.71474999991136
SHORT,2023-07-27 09:15:00+05:30,1265.8828500000002,544,2023-07-27 09:45:00+05:30,1261.8605999999997,CROSS_UP,1898.3340000002395
LONG,2023-07-28 09:35:00+05:30,1263.9626999999998,546,2023-07-28 09:55:00+05:30,1264.18455,CROSS_DOWN,-169.33989999992826
SHORT,2023-07-28 11:35:00+05:30,1252.8458999999998,551,2023-07-28 11:55:00+05:30,1256.3550999999998,CROSS_UP,-2224.2091999999802
LONG,2023-07-28 12:45:00+05:30,1255.8545999999997,547,2023-07-28 13:15:00+05:30,1260.9378000000002,CROSS_DOWN,2490.400400000267
SHORT,2023-08-01 10:25:00+05:30,1265.0337,545,2023-08-01 10:45:00+05:30,1263.71245,CROSS_UP,429.93124999998014
LONG,2023-08-03 09:55:00+05:30,1242.6914499999998,556,2023-08-03 10:15:00+05:30,1242.2565,CROSS_DOWN,-532.4821999999134
SHORT,2023-08-03 11:45:00+05:30,1237.1616000000001,558,2023-08-03 12:05:00+05:30,1237.5362999999998,CROSS_UP,-499.60259999978825
LONG,2023-08-04 09:25:00+05:30,1243.69245,554,2023-08-04 09:45:00+05:30,1237.9608,CROSS_DOWN,-3464.4640999999697
SHORT,2023-08-08 11:15:00+05:30,1257.19155,546,2023-08-08 11:35:00+05:30,1258.2569999999998,CROSS_UP,-870.9056999999061
LONG,2023-08-09 13:55:00+05:30,1250.2489999999998,548,2023-08-09 14:15:00+05:30,1247.7010500000001,CROSS_DOWN,-1684.546599999821
SHORT,2023-08-11 09:45:00+05:30,1261.2375,542,2023-08-11 10:05:00+05:30,1264.8635999999997,CROSS_UP,-2253.60619999985
LONG,2023-08-11 13:25:00+05:30,1273.6724,535,2023-08-11 13:45:00+05:30,1270.728,CROSS_DOWN,-1862.173999999925
SHORT,2023-08-16 12:25:00+05:30,1282.96575,529,2023-08-16 12:45:00+05:30,1284.283,CROSS_UP,-983.2752499999106
LONG,2023-08-16 13:15:00+05:30,1287.2859999999998,527,2023-08-16 13:35:00+05:30,1282.8658500000001,CROSS_DOWN,-2615.059049999839
SHORT,2023-08-16 14:05:00+05:30,1283.16555,527,2023-08-16 14:25:00+05:30,1283.7824999999998,CROSS_UP,-610.6926499999265
LONG,2023-08-16 15:05:00+05:30,1289.2879999999998,524,2023-08-16 15:25:00+05:30,1284.714,CROSS_DOWN,-2681.3959999999174
SHORT,2023-08-17 09:35:00+05:30,1281.9168,525,2023-08-17 09:55:00+05:30,1285.73445,CROSS_UP,-2288.796249999978
LONG,2023-08-17 11:05:00+05:30,1286.43515,521,2023-08-17 11:25:00+05:30,1279.46925,CROSS_DOWN,-3911.623899999958
SHORT,2023-08-17 11:35:00+05:30,1278.5202,521,2023-08-17 11:55:00+05:30,1278.7775,CROSS_UP,-416.033299999993
LONG,2023-08-18 14:05:00+05:30,1283.5322499999997,519,2023-08-18 14:25:00+05:30,1284.26445,CROSS_DOWN,97.91180000007682
SHORT,2023-08-21 10:05:00+05:30,1258.9398,529,2023-08-21 10:25:00+05:30,1266.2649999999999,CROSS_UP,-4157.210799999877
LONG,2023-08-22 11:45:00+05:30,1268.2669999999998,522,2023-08-22 12:05:00+05:30,1264.734,CROSS_DOWN,-2124.2259999999487
SHORT,2023-08-22 14:15:00+05:30,1259.739,524,2023-08-22 14:35:00+05:30,1260.8595999999998,CROSS_UP,-867.0843999998639
LONG,2023-08-23 10:05:00+05:30,1265.8645999999999,520,2023-08-23 10:25:00+05:30,1265.48325,CROSS_DOWN,-477.44199999993964
SHORT,2023-08-23 13:25:00+05:30,1262.2365,521,2023-08-23 13:45:00+05:30,1265.0638,CROSS_UP,-1752.1032999999597
LONG,2023-08-24 09:55:00+05:30,1267.5662999999997,518,2023-08-24 10:15:00+05:30,1263.735,CROSS_DOWN,-2262.663399999911
SHORT,2023-08-24 10:55:00+05:30,1258.4403,520,2023-08-24 11:15:00+05:30,1258.5572999999997,CROSS_UP,-338.67999999986193
LONG,2023-08-28 12:45:00+05:30,1239.6884499999999,527,2023-08-28 13:05:00+05:30,1234.9638,CROSS_DOWN,-2766.6405499999382
SHORT,2023-08-28 14:25:00+05:30,1230.6681,529,2023-08-28 14:45:00+05:30,1234.5833499999999,CROSS_UP,-2347.9572499998876
LONG,2023-08-30 10:05:00+05:30,1218.2169999999999,533,2023-08-30 10:25:00+05:30,1217.0817,CROSS_DOWN,-880.994899999955
SHORT,2023-08-30 13:15:00+05:30,1212.786,534,2023-08-30 13:35:00+05:30,1215.1639499999999,CROSS_UP,-1545.365299999908
LONG,2023-09-01 09:55:00+05:30,1210.3090999999997,534,2023-09-01 10:15:00+05:30,1207.6911,CROSS_DOWN,-1672.6019999998457
SHORT,2023-09-01 11:15:00+05:30,1202.6961000000001,536,2023-09-01 11:35:00+05:30,1205.3040999999998,CROSS_UP,-1672.37799999985
LONG,2023-09-01 12:45:00+05:30,1210.5092999999997,531,2023-09-01 13:05:00+05:30,1206.24255,CROSS_DOWN,-2538.74424999988
SHORT,2023-09-01 13:55:00+05:30,1204.794,532,2023-09-01 14:15:00+05:30,1212.2109999999998,CROSS_UP,-4219.213999999834
LONG,2023-09-01 14:25:00+05:30,1207.0558499999997,527,2023-09-01 14:45:00+05:30,1202.8959,CROSS_DOWN,-2463.07364999987
SHORT,2023-09-01 15:05:00+05:30,1204.2945,526,2023-09-01 15:25:00+05:30,1206.9057,CROSS_UP,-1644.0412000000283
LONG,2023-09-04 09:25:00+05:30,1212.0608499999998,522,2023-09-04 09:45:00+05:30,1207.24155,CROSS_DOWN,-2785.1445999999396
SHORT,2023-09-04 10:25:00+05:30,1203.9948,523,2023-09-04 10:45:00+05:30,1207.5062999999998,CROSS_UP,-2105.7644999999175
LONG,2023-09-04 11:25:00+05:30,1208.1569499999998,519,2023-09-04 11:45:00+05:30,1205.4933,CROSS_DOWN,-1650.244349999862
SHORT,2023-09-04 14:05:00+05:30,1205.04375,519,2023-09-04 14:25:00+05:30,1206.9057,CROSS_UP,-1234.042049999989
LONG,2023-09-05 09:35:00+05:30,1212.6614499999998,515,2023-09-05 09:55:00+05:30,1210.53825,CROSS_DOWN,-1360.4479999998814
SHORT,2023-09-05 13:25:00+05:30,1208.1906000000001,516,2023-09-05 13:45:00+05:30,1210.6094,CROSS_UP,-1515.1107999999583
LONG,2023-09-05 15:15:00+05:30,1214.66345,512,2023-09-05 15:25:00+05:30,1211.5872,EOD,-1840.9900000000373
SHORT,2023-09-06 12:35:00+05:30,1209.3893999999998,512,2023-09-06 12:55:00+05:30,1211.8606499999999,CROSS_UP,-1530.800000000028
LONG,2023-09-06 15:15:00+05:30,1214.7134999999998,509,2023-09-06 15:25:00+05:30,1211.9868000000001,EOD,-1652.6102999998523
SHORT,2023-09-07 09:25:00+05:30,1209.33945,510,2023-09-07 09:45:00+05:30,1212.2109999999998,CROSS_UP,-1729.16049999992
LONG,2023-09-07 10:55:00+05:30,1213.7124999999999,507,2023-09-07 11:15:00+05:30,1211.9868000000001,CROSS_DOWN,-1138.7598999998647
SHORT,2023-09-07 11:45:00+05:30,1209.03975,508,2023-09-07 12:05:00+05:30,1211.3100999999997,CROSS_UP,-1417.0877999998884
LONG,2023-09-07 14:25:00+05:30,1215.1139,504,2023-09-07 14:45:00+05:30,1215.43335,CROSS_DOWN,-102.0972000000198
SHORT,2023-09-12 09:55:00+05:30,1226.3724,499,2023-09-12 10:15:00+05:30,1224.6234,CROSS_UP,609.9210000000119
LONG,2023-09-13 10:05:00+05:30,1224.5733499999997,500,2023-09-13 10:25:00+05:30,1221.2775,CROSS_DOWN,-1910.454999999873
SHORT,2023-09-14 09:15:00+05:30,1228.3704,497,2023-09-14 09:35:00+05:30,1231.4802499999998,CROSS_UP,-1808.0654499999125
SHORT,2023-09-14 11:15:00+05:30,1224.3744,497,2023-09-14 11:35:00+05:30,1227.0258,CROSS_UP,-1579.5057999999835
LONG,2023-09-14 15:25:00+05:30,1229.2279999999998,494,2023-09-15 09:25:00+05:30,1226.62215,CROSS_DOWN,-1548.1398999999597
SHORT,2023-09-15 13:45:00+05:30,1225.0737,495,2023-09-15 14:05:00+05:30,1228.7275,CROSS_UP,-2069.6810000000232
LONG,2023-09-15 15:05:00+05:30,1229.5783499999998,491,2023-09-15 15:25:00+05:30,1225.02375,CROSS_DOWN,-2495.6485999998577
LONG,2023-09-22 11:15:00+05:30,1186.185,507,2023-09-22 11:35:00+05:30,1183.36545,CROSS_DOWN,-1688.2718499999673
SHORT,2023-09-22 12:45:00+05:30,1181.7670500000002,507,2023-09-22 13:05:00+05:30,1182.3811999999998,CROSS_UP,-569.7640499998246
LONG,2023-09-26 09:55:00+05:30,1175.0738999999999,510,2023-09-26 10:15:00+05:30,1171.4273999999998,CROSS_DOWN,-2117.6050000000305
SHORT,2023-09-26 11:05:00+05:30,1170.828,510,2023-09-26 11:25:00+05:30,1172.1709999999998,CROSS_UP,-942.6299999999221
LONG,2023-09-26 15:15:00+05:30,1171.9707999999998,509,2023-09-26 15:25:00+05:30,1168.83,EOD,-1855.6671999999485
SHORT,2023-09-27 09:15:00+05:30,1171.7271,507,2023-09-27 09:35:00+05:30,1173.2220499999999,CROSS_UP,-1014.5696499998934
SHORT,2023-09-28 11:55:00+05:30,1177.17165,504,2023-09-28 12:15:00+05:30,1178.5774,CROSS_UP,-964.8579999999487
LONG,2023-09-29 11:45:00+05:30,1178.9778,502,2023-09-29 12:05:00+05:30,1176.2226,CROSS_DOWN,-1638.5203999999153
SHORT,2023-09-29 15:25:00+05:30,1170.3285,505,2023-10-03 09:25:00+05:30,1162.7115499999998,CROSS_UP,3591.3097500001595
LONG,2023-10-04 15:05:00+05:30,1159.7586,512,2023-10-04 15:25:00+05:30,1155.843,CROSS_DOWN,-2260.697199999904
SHORT,2023-10-05 15:25:00+05:30,1155.29355,512,2023-10-06 09:25:00+05:30,1161.9607999999998,CROSS_UP,-3669.5419999998667
LONG,2023-10-06 09:35:00+05:30,1160.4592999999998,507,2023-10-06 09:55:00+05:30,1158.1407,CROSS_DOWN,-1429.7601999999154
SHORT,2023-10-06 11:45:00+05:30,1156.5423,507,2023-10-06 12:05:00+05:30,1157.6564999999998,CROSS_UP,-818.799399999876
LONG,2023-10-06 13:35:00+05:30,1160.20905,505,2023-10-06 13:55:00+05:30,1158.84,CROSS_DOWN,-944.8702500000079
SHORT,2023-10-09 09:25:00+05:30,1150.7481,508,2023-10-09 09:45:00+05:30,1156.4552999999999,CROSS_UP,-3152.687599999914
LONG,2023-10-10 09:45:00+05:30,1155.0538999999999,504,2023-10-10 10:05:00+05:30,1152.5463,CROSS_DOWN,-1515.8403999999555
SHORT,2023-10-12 15:25:00+05:30,1172.7261,495,2023-10-13 09:25:00+05:30,1169.4682999999998,CROSS_UP,1360.9210000001563
LONG,2023-10-13 12:55:00+05:30,1174.0729,495,2023-10-13 13:15:00+05:30,1176.2725500000001,CROSS_DOWN,836.4767500001224
SHORT,2023-10-16 09:35:00+05:30,1168.3305,499,2023-10-16 09:55:00+05:30,1173.4222499999998,CROSS_UP,-2793.6332499999103
LONG,2023-10-16 10:25:00+05:30,1176.7755999999997,493,2023-10-16 10:45:00+05:30,1171.827,CROSS_DOWN,-2690.6397999998594
SHORT,2023-10-16 15:05:00+05:30,1170.27855,493,2023-10-16 15:25:00+05:30,1174.0729,CROSS_UP,-2121.2845499999485
LONG,2023-10-17 09:45:00+05:30,1176.4252499999998,489,2023-10-17 10:05:00+05:30,1174.2246,CROSS_DOWN,-1325.767849999887
SHORT,2023-10-17 11:55:00+05:30,1171.827,489,2023-10-17 12:15:00+05:30,1174.4732999999999,CROSS_UP,-1543.280699999943
LONG,2023-10-17 13:15:00+05:30,1176.175,486,2023-10-17 13:35:00+05:30,1173.2256,CROSS_DOWN,-1681.6683999999848
SHORT,2023-10-17 13:55:00+05:30,1173.6252,486,2023-10-17 14:25:00+05:30,1175.32415,CROSS_UP,-1073.9796999999844
LONG,2023-10-17 15:05:00+05:30,1178.7775999999997,483,2023-10-17 15:25:00+05:30,1177.3215,CROSS_DOWN,-950.9662999998314
SHORT,2023-10-18 11:35:00+05:30,1173.57525,484,2023-10-18 11:55:00+05:30,1170.9697999999999,CROSS_UP,1013.727800000119
LONG,2023-10-23 13:05:00+05:30,1149.4482999999998,495,2023-10-23 13:25:00+05:30,1143.4553999999998,CROSS_DOWN,-3213.375499999982
SHORT,2023-10-23 13:35:00+05:30,1139.5593000000001,497,2023-10-23 13:55:00+05:30,1143.0419,CROSS_UP,-1977.7821999999107
LONG,2023-10-27 09:35:00+05:30,1129.0279,500,2023-10-27 09:55:00+05:30,1131.0678,CROSS_DOWN,773.4899999999943
SHORT,2023-10-31 10:45:00+05:30,1151.3475,491,2023-10-31 11:05:00+05:30,1153.90275,CROSS_UP,-1501.1577499999446
LONG,2023-11-01 10:45:00+05:30,1154.90375,488,2023-11-01 11:05:00+05:30,1155.2436,CROSS_DOWN,-80.0331999999661
SHORT,2023-11-01 14:15:00+05:30,1151.3475,489,2023-11-01 14:35:00+05:30,1151.7505999999998,CROSS_UP,-442.7658999998863
LONG,2023-11-02 09:35:00+05:30,1159.5584,485,2023-11-02 09:55:00+05:30,1160.0388,CROSS_DOWN,-12.48599999992959
SHORT,2023-11-03 14:55:00+05:30,1159.6391999999998,485,2023-11-03 15:15:00+05:30,1160.9097499999998,CROSS_UP,-861.6867499999794
LONG,2023-11-06 09:45:00+05:30,1166.2150499999998,482,2023-11-06 10:05:00+05:30,1165.9329,CROSS_DOWN,-381.2762999998911
SHORT,2023-11-07 09:45:00+05:30,1163.3355,483,2023-11-07 10:05:00+05:30,1165.1639999999998,CROSS_UP,-1128.465499999927
LONG,2023-11-07 12:55:00+05:30,1167.7165499999999,480,2023-11-07 13:15:00+05:30,1164.78405,CROSS_DOWN,-1651.9499999999475
SHORT,2023-11-07 13:45:00+05:30,1163.78505,480,2023-11-07 14:05:00+05:30,1165.6144499999998,CROSS_UP,-1122.251999999928
LONG,2023-11-08 09:55:00+05:30,1170.4692999999997,477,2023-11-08 10:15:00+05:30,1168.0308,CROSS_DOWN,-1406.8044999998801
SHORT,2023-11-08 14:35:00+05:30,1165.833,477,2023-11-08 14:55:00+05:30,1168.6674999999998,CROSS_UP,-1595.3464999998603
LONG,2023-11-08 15:25:00+05:30,1168.0669,475,2023-11-09 09:25:00+05:30,1161.1377,CROSS_DOWN,-3533.1800000000176
LONG,2023-11-10 12:55:00+05:30,1157.6564999999998,476,2023-11-10 13:15:00+05:30,1154.5443,CROSS_DOWN,-1722.397199999906
SHORT,2023-11-13 10:45:00+05:30,1156.89195,475,2023-11-13 11:05:00+05:30,1158.7075499999999,CROSS_UP,-1103.3499999999544
LONG,2023-11-15 09:25:00+05:30,1170.81965,468,2023-11-15 09:45:00+05:30,1167.3315,CROSS_DOWN,-1872.3141999999557
SHORT,2023-11-16 15:25:00+05:30,1178.3205,464,2023-11-17 09:25:00+05:30,1182.6815,CROSS_UP,-2263.533999999943
LONG,2023-11-17 10:05:00+05:30,1183.7825999999998,460,2023-11-17 10:25:00+05:30,1184.7141000000001,CROSS_DOWN,189.25000000016988
SHORT,2023-11-17 14:05:00+05:30,1181.3175,461,2023-11-17 14:25:00+05:30,1180.3791999999999,CROSS_UP,193.4363000001171
LONG,2023-11-20 14:45:00+05:30,1176.62545,463,2023-11-20 15:05:00+05:30,1172.826,CROSS_DOWN,-1997.8553499999903
SHORT,2023-11-22 12:05:00+05:30,1188.9098999999999,456,2023-11-22 12:25:00+05:30,1191.03985,CROSS_UP,-1209.6072000000036
LONG,2023-11-22 14:45:00+05:30,1194.0928999999999,453,2023-11-22 15:05:00+05:30,1193.4053999999999,CROSS_DOWN,-549.1975
SHORT,2023-11-24 14:35:00+05:30,1197.2016,452,2023-11-24 14:55:00+05:30,1198.34715,CROSS_UP,-755.7485999999808
LONG,2023-11-28 14:35:00+05:30,1196.6954999999998,451,2023-11-28 14:55:00+05:30,1195.2535500000001,CROSS_DOWN,-887.5494499998551
SHORT,2023-11-29 15:15:00+05:30,1198.8,450,2023-11-29 15:25:00+05:30,1201.1999999999998,EOD,-1317.4099999999387
LONG,2023-12-01 10:05:00+05:30,1194.6934999999999,450,2023-12-01 10:25:00+05:30,1193.1056999999998,CROSS_DOWN,-950.9800000000071
SHORT,2023-12-01 14:15:00+05:30,1193.2056,450,2023-12-01 14:35:00+05:30,1195.9947999999997,CROSS_UP,-1491.6699999998693
SHORT,2023-12-07 09:25:00+05:30,1225.1736,437,2023-12-07 09:45:00+05:30,1227.2259999999999,CROSS_UP,-1132.8687999999156
LONG,2023-12-07 14:05:00+05:30,1230.2790499999999,434,2023-12-07 14:25:00+05:30,1227.0717,CROSS_DOWN,-1626.9798999999591
SHORT,2023-12-08 13:35:00+05:30,1223.22555,435,2023-12-08 13:55:00+05:30,1226.1749499999999,CROSS_UP,-1517.8089999998876
LONG,2023-12-11 09:35:00+05:30,1230.2289999999998,432,2023-12-11 09:55:00+05:30,1227.9708,CROSS_DOWN,-1209.7823999998966
SHORT,2023-12-11 13:05:00+05:30,1228.6701,431,2023-12-11 13:25:00+05:30,1231.1299,CROSS_UP,-1294.0837999999394
SHORT,2023-12-12 10:05:00+05:30,1227.771,431,2023-12-12 10:25:00+05:30,1228.87765,CROSS_UP,-710.7061499999763
LONG,2023-12-13 14:25:00+05:30,1213.2620499999998,435,2023-12-13 14:45:00+05:30,1211.3873999999998,CROSS_DOWN,-1048.4527499999888
SHORT,2023-12-20 13:35:00+05:30,1278.0207,412,2023-12-20 13:55:00+05:30,1265.7644999999998,CROSS_UP,4817.1044000001075
LONG,2023-12-21 12:05:00+05:30,1276.9757,416,2023-12-21 12:25:00+05:30,1277.5212,CROSS_DOWN,-7.562000000021953
SHORT,2023-12-22 11:15:00+05:30,1275.6231,417,2023-12-22 11:35:00+05:30,1277.7765,CROSS_UP,-1132.7077999999665
LONG,2023-12-22 12:55:00+05:30,1288.1368499999999,412,2023-12-22 13:15:00+05:30,1285.4133,CROSS_DOWN,-1356.032599999972
SHORT,2023-12-22 14:25:00+05:30,1277.57115,414,2023-12-22 14:45:00+05:30,1282.7814999999998,CROSS_UP,-2390.844899999932
SHORT,2023-12-26 15:25:00+05:30,1288.2105,409,2023-12-27 09:15:00+05:30,1294.9937,CROSS_UP,-3007.4188000000318
SHORT,2023-12-27 13:35:00+05:30,1289.0097,406,2023-12-27 13:55:00+05:30,1291.1898999999999,CROSS_UP,-1116.8711999999132
LONG,2023-12-28 09:25:00+05:30,1299.4982,402,2023-12-28 09:45:00+05:30,1297.701,CROSS_DOWN,-953.5943999999901
SHORT,2023-12-29 09:25:00+05:30,1293.5052,403,2023-12-29 09:45:00+05:30,1297.5462499999999,CROSS_UP,-1859.573149999925
LONG,2024-01-01 13:15:00+05:30,1295.0937999999999,401,2024-01-01 13:35:00+05:30,1294.2045,CROSS_DOWN,-586.7392999999282
SHORT,2024-01-02 10:55:00+05:30,1290.0086999999999,403,2024-01-02 11:15:00+05:30,1290.3890999999999,CROSS_UP,-383.7412000000035
LONG,2024-01-02 14:15:00+05:30,1298.7975,400,2024-01-02 14:35:00+05:30,1300.3983,CROSS_DOWN,409.8300000000652
SHORT,2024-01-03 14:05:00+05:30,1301.1975,399,2024-01-03 14:25:00+05:30,1301.6002999999998,CROSS_UP,-390.9071999999373
LONG,2024-01-04 10:35:00+05:30,1304.3029999999999,398,2024-01-04 10:55:00+05:30,1299.1995,CROSS_DOWN,-2260.772999999976
SHORT,2024-01-04 11:45:00+05:30,1296.25245,399,2024-01-04 12:05:00+05:30,1300.5992999999999,CROSS_UP,-1964.0031499999618
LONG,2024-01-04 12:25:00+05:30,1304.8034999999998,394,2024-01-04 12:45:00+05:30,1300.8978,CROSS_DOWN,-1766.80579999992
SHORT,2024-01-04 14:05:00+05:30,1296.9018,396,2024-01-04 14:25:00+05:30,1297.4961999999998,CROSS_UP,-463.6123999998904
LONG,2024-01-05 09:35:00+05:30,1302.1508499999998,394,2024-01-05 09:55:00+05:30,1302.4962,CROSS_DOWN,-92.0020999998895
SHORT,2024-01-05 13:55:00+05:30,1298.65005,395,2024-01-05 14:15:00+05:30,1303.9025999999997,CROSS_UP,-2302.887249999882
LONG,2024-01-05 15:15:00+05:30,1305.75445,391,2024-01-05 15:25:00+05:30,1303.695,EOD,-1032.1549499999883
SHORT,2024-01-08 11:35:00+05:30,1300.8978,391,2024-01-08 11:55:00+05:30,1291.7904999999998,CROSS_UP,3334.714300000048
LONG,2024-01-09 09:55:00+05:30,1297.7965,395,2024-01-09 10:15:00+05:30,1297.55115,CROSS_DOWN,-324.7632499999671
SHORT,2024-01-09 14:35:00+05:30,1294.25445,396,2024-01-09 14:55:00+05:30,1293.1919,CROSS_UP,192.95979999995
LONG,2024-01-10 11:55:00+05:30,1296.5952999999997,395,2024-01-10 12:15:00+05:30,1292.9058,CROSS_DOWN,-1684.6424999998915
SHORT,2024-01-10 12:45:00+05:30,1293.705,395,2024-01-10 13:05:00+05:30,1296.2949999999998,CROSS_UP,-1250.4299999999675
LONG,2024-01-10 13:35:00+05:30,1297.9967,392,2024-01-10 13:55:00+05:30,1296.6021,CROSS_DOWN,-773.0631999999431
SHORT,2024-01-16 13:05:00+05:30,1383.0156000000002,368,2024-01-16 13:25:00+05:30,1381.8804999999998,CROSS_UP,191.16680000015478
LONG,2024-01-18 13:35:00+05:30,1364.2629,373,2024-01-18 13:55:00+05:30,1365.4831499999998,CROSS_DOWN,228.47324999994436
SHORT,2024-01-19 11:15:00+05:30,1358.64,375,2024-01-19 11:35:00+05:30,1364.7634,CROSS_UP,-2523.1949999999797
LONG,2024-01-19 13:35:00+05:30,1368.4170499999998,370,2024-01-19 13:55:00+05:30,1365.3333,CROSS_DOWN,-1366.3074999999194
SHORT,2024-01-20 10:15:00+05:30,1364.38425,370,2024-01-20 10:35:00+05:30,1376.5752,CROSS_UP,-4736.071499999975
SHORT,2024-01-20 13:45:00+05:30,1362.636,367,2024-01-20 14:05:00+05:30,1366.9655999999998,CROSS_UP,-1812.5231999999266
LONG,2024-01-24 12:15:00+05:30,1330.8795499999999,375,2024-01-24 12:35:00+05:30,1329.3693,CROSS_DOWN,-789.2837499999304
LONG,2024-01-24 13:05:00+05:30,1332.6813499999998,373,2024-01-24 13:25:00+05:30,1328.67,CROSS_DOWN,-1718.2035499999126
LONG,2024-01-24 13:55:00+05:30,1335.4340999999997,371,2024-01-24 14:15:00+05:30,1334.6140500000001,CROSS_DOWN,-525.9685499998452
SHORT,2024-01-30 11:15:00+05:30,1421.6769,348,2024-01-30 11:35:00+05:30,1435.6342,CROSS_UP,-5079.040400000011
LONG,2024-01-30 11:55:00+05:30,1431.8303999999998,342,2024-01-30 12:15:00+05:30,1425.1734,CROSS_DOWN,-2495.833999999975
LONG,2024-01-31 11:15:00+05:30,1426.8254,342,2024-01-31 11:35:00+05:30,1429.31925,CROSS_DOWN,633.4567000000226
SHORT,2024-01-31 13:15:00+05:30,1417.8807,345,2024-01-31 13:35:00+05:30,1420.3189,CROSS_UP,-1060.8390000000177
LONG,2024-01-31 15:15:00+05:30,1427.3759499999999,341,2024-01-31 15:25:00+05:30,1423.575,EOD,-1514.5039499999418
SHORT,2024-02-01 13:05:00+05:30,1424.7738,341,2024-02-01 13:25:00+05:30,1422.2207999999998,CROSS_UP,652.1930000000378
LONG,2024-02-01 14:55:00+05:30,1429.07765,340,2024-02-01 15:15:00+05:30,1424.2243500000002,CROSS_DOWN,-1868.1019999999194
LONG,2024-02-02 09:25:00+05:30,1463.3618999999999,331,2024-02-02 09:45:00+05:30,1454.29425,CROSS_DOWN,-3218.452149999986
SHORT,2024-02-02 13:35:00+05:30,1446.6518999999998,333,2024-02-02 13:55:00+05:30,1450.4489999999998,CROSS_UP,-1481.5143
LONG,2024-02-02 15:05:00+05:30,1459.60815,329,2024-02-02 15:25:00+05:30,1454.0445,CROSS_DOWN,-2046.3608500000173
SHORT,2024-02-05 14:45:00+05:30,1442.3562,331,2024-02-05 15:05:00+05:30,1440.4389999999999,CROSS_UP,419.163200000031
LONG,2024-02-07 09:35:00+05:30,1435.2337999999997,333,2024-02-07 09:55:00+05:30,1435.31325,CROSS_DOWN,-189.1931499999404
SHORT,2024-02-07 12:05:00+05:30,1430.71785,334,2024-02-07 12:25:00+05:30,1437.436,CROSS_UP,-2459.6420999999746
LONG,2024-02-07 14:05:00+05:30,1443.4419999999998,330,2024-02-07 14:25:00+05:30,1438.51005,CROSS_DOWN,-1842.163499999897
SHORT,2024-02-08 11:15:00+05:30,1432.4661,331,2024-02-08 11:35:00+05:30,1442.7913499999997,CROSS_UP,-3632.197749999881
LONG,2024-02-08 13:15:00+05:30,1440.1387,327,2024-02-08 13:35:00+05:30,1440.4581,CROSS_DOWN,-108.76619999997155
SHORT,2024-02-12 09:15:00+05:30,1450.548,324,2024-02-12 09:35:00+05:30,1446.2948499999998,CROSS_UP,1165.2706000000753
LONG,2024-02-12 14:05:00+05:30,1461.3098499999996,323,2024-02-12 14:25:00+05:30,1457.6908500000002,CROSS_DOWN,-1382.1569999998255
SHORT,2024-02-13 14:45:00+05:30,1462.0365,321,2024-02-13 15:05:00+05:30,1467.6662,CROSS_UP,-2019.8636999999862
LONG,2024-02-14 12:15:00+05:30,1466.7652999999998,319,2024-02-14 12:35:00+05:30,1467.8307,CROSS_DOWN,127.65260000005787
SHORT,2024-02-15 11:35:00+05:30,1471.0275,318,2024-02-15 11:55:00+05:30,1470.41895,CROSS_UP,-18.541100000024528
LONG,2024-02-15 14:05:00+05:30,1473.4719999999998,318,2024-02-15 14:25:00+05:30,1468.7298,CROSS_DOWN,-1719.9295999998997
LONG,2024-02-16 10:05:00+05:30,1476.2747999999997,316,2024-02-16 10:25:00+05:30,1472.1263999999999,CROSS_DOWN,-1522.1343999999401
SHORT,2024-02-16 11:25:00+05:30,1466.6318999999999,317,2024-02-16 11:45:00+05:30,1466.2647999999997,CROSS_UP,-94.67929999994797
LONG,2024-02-19 13:05:00+05:30,1466.465,317,2024-02-19 13:25:00+05:30,1463.535,CROSS_DOWN,-1139.589999999948
SHORT,2024-02-20 10:15:00+05:30,1466.4321,316,2024-02-20 10:35:00+05:30,1464.61315,CROSS_UP,364.3082000000272
LONG,2024-02-20 11:45:00+05:30,1469.9685,316,2024-02-20 12:05:00+05:30,1468.53,CROSS_DOWN,-665.3459999999925
SHORT,2024-02-20 13:05:00+05:30,1462.08645,317,2024-02-20 13:25:00+05:30,1467.466,CROSS_UP,-1915.9873499999624
LONG,2024-02-20 14:15:00+05:30,1471.9204499999998,313,2024-02-20 14:35:00+05:30,1466.9316000000001,CROSS_DOWN,-1770.6400499999152
SHORT,2024-02-21 14:05:00+05:30,1469.97855,313,2024-02-21 14:25:00+05:30,1467.9664999999998,CROSS_UP,420.45165000008524
LONG,2024-02-22 14:05:00+05:30,1474.9734999999998,312,2024-02-22 14:25:00+05:30,1472.67585,CROSS_DOWN,-926.0567999999216
SHORT,2024-02-26 10:05:00+05:30,1488.1103999999998,308,2024-02-26 10:25:00+05:30,1487.4859999999999,CROSS_UP,-16.414800000023632
LONG,2024-02-26 15:25:00+05:30,1489.0375499999998,308,2024-02-27 09:25:00+05:30,1481.4171000000001,CROSS_DOWN,-2555.268599999896
LONG,2024-02-27 11:35:00+05:30,1489.4879999999998,306,2024-02-27 11:55:00+05:30,1483.2153,CROSS_DOWN,-2126.736199999926
SHORT,2024-02-27 14:45:00+05:30,1484.46405,306,2024-02-27 15:05:00+05:30,1487.2857999999999,CROSS_UP,-1070.8154999999506
LONG,2024-02-29 09:45:00+05:30,1473.6722,308,2024-02-29 10:05:00+05:30,1468.7298,CROSS_DOWN,-1728.9991999999713
SHORT,2024-02-29 11:55:00+05:30,1461.9366,309,2024-02-29 12:15:00+05:30,1463.3618999999999,CROSS_UP,-646.8676999999627
LONG,2024-03-01 09:25:00+05:30,1467.4159499999998,307,2024-03-01 09:45:00+05:30,1465.0335,CROSS_DOWN,-937.1721499999494
SHORT,2024-03-05 09:45:00+05:30,1493.6548500000001,301,2024-03-05 10:05:00+05:30,1495.0435499999999,CROSS_UP,-623.678699999923
LONG,2024-03-05 13:25:00+05:30,1501.4999999999998,299,2024-03-05 13:45:00+05:30,1495.4031,CROSS_DOWN,-2027.8830999999334
SHORT,2024-03-06 10:35:00+05:30,1495.0035,299,2024-03-06 10:55:00+05:30,1491.9904999999999,CROSS_UP,696.2070000000441
LONG,2024-03-06 14:05:00+05:30,1497.6961999999999,299,2024-03-06 14:25:00+05:30,1497.05145,CROSS_DOWN,-397.76024999997935
SHORT,2024-03-07 10:45:00+05:30,1486.8117,301,2024-03-07 11:05:00+05:30,1492.6912,CROSS_UP,-1974.7795000000021
LONG,2024-03-12 09:55:00+05:30,1488.93745,299,2024-03-12 10:15:00+05:30,1484.6138999999998,CROSS_DOWN,-1496.4814500000205
SHORT,2024-03-12 14:25:00+05:30,1472.9256,302,2024-03-12 14:45:00+05:30,1473.0715999999998,CROSS_UP,-248.0719999999187
LONG,2024-03-18 10:15:00+05:30,1430.1287,310,2024-03-18 10:35:00+05:30,1422.8757,CROSS_DOWN,-2451.239999999978
SHORT,2024-03-18 11:45:00+05:30,1419.12945,311,2024-03-18 12:05:00+05:30,1422.9215,CROSS_UP,-1382.1675500000056
LONG,2024-03-18 12:35:00+05:30,1427.426,308,2024-03-18 12:55:00+05:30,1425.4731000000002,CROSS_DOWN,-803.4831999999299
SHORT,2024-03-19 10:05:00+05:30,1421.0775,309,2024-03-19 10:25:00+05:30,1423.9225,CROSS_UP,-1081.1349999999381
LONG,2024-03-19 13:45:00+05:30,1429.1276999999998,307,2024-03-19 14:05:00+05:30,1423.575,CROSS_DOWN,-1906.0288999999177
SHORT,2024-03-22 13:45:00+05:30,1450.8976499999999,301,2024-03-22 14:05:00+05:30,1455.2537999999997,CROSS_UP,-1512.4111499999526
LONG,2024-03-22 14:25:00+05:30,1457.456,298,2024-03-22 14:45:00+05:30,1455.6428999999998,CROSS_DOWN,-740.4238000000229
SHORT,2024-03-26 09:25:00+05:30,1447.2513000000001,300,2024-03-26 09:45:00+05:30,1446.5951499999999,CROSS_UP,-3.3649999999242652
LONG,2024-03-27 09:25:00+05:30,1475.1736999999998,294,2024-03-27 09:45:00+05:30,1472.526,CROSS_DOWN,-978.2537999999291
SHORT,2024-03-28 12:35:00+05:30,1496.75175,289,2024-03-28 12:55:00+05:30,1500.6991999999998,CROSS_UP,-1340.5430499999682
SHORT,2024-03-28 15:05:00+05:30,1479.1693500000001,292,2024-03-28 15:25:00+05:30,1486.485,CROSS_UP,-2335.749799999935
LONG,2024-04-02 09:35:00+05:30,1489.3879,288,2024-04-02 09:55:00+05:30,1480.8177,CROSS_DOWN,-2665.8975999999675
LONG,2024-04-02 14:45:00+05:30,1483.4819999999997,288,2024-04-02 15:05:00+05:30,1486.76175,CROSS_DOWN,746.518000000043
SHORT,2024-04-03 09:45:00+05:30,1475.523,290,2024-04-03 10:05:00+05:30,1479.3779,CROSS_UP,-1316.0110000000125
LONG,2024-04-03 12:55:00+05:30,1482.0305499999997,287,2024-04-03 13:15:00+05:30,1476.0225,CROSS_DOWN,-1920.9303499999094
SHORT,2024-04-03 13:25:00+05:30,1476.1224,287,2024-04-03 13:45:00+05:30,1478.9774999999997,CROSS_UP,-1015.9836999999328
LONG,2024-04-04 13:55:00+05:30,1471.4699999999998,288,2024-04-04 14:15:00+05:30,1468.53,CROSS_DOWN,-1043.0499999999502
SHORT,2024-04-05 09:45:00+05:30,1458.3401999999999,289,2024-04-05 10:05:00+05:30,1460.5590999999997,CROSS_UP,-837.0420999999562
LONG,2024-04-05 11:15:00+05:30,1465.1636999999998,288,2024-04-05 11:35:00+05:30,1463.6349,CROSS_DOWN,-636.0943999999479
SHORT,2024-04-05 13:35:00+05:30,1461.1873500000002,288,2024-04-05 13:55:00+05:30,1465.1636999999998,CROSS_UP,-1340.7887999999089
LONG,2024-04-08 09:25:00+05:30,1481.1797,283,2024-04-08 09:45:00+05:30,1482.2163,CROSS_DOWN,98.33780000003819
SHORT,2024-04-09 09:35:00+05:30,1480.2183,283,2024-04-09 09:55:00+05:30,1486.3348499999997,CROSS_UP,-1925.9436499999247
LONG,2024-04-10 09:35:00+05:30,1482.5810999999997,282,2024-04-10 09:55:00+05:30,1481.2173,CROSS_DOWN,-579.0415999998952
SHORT,2024-04-12 12:55:00+05:30,1475.8227,282,2024-04-12 13:15:00+05:30,1474.9734999999998,CROSS_UP,45.60440000003098
LONG,2024-04-15 11:15:00+05:30,1477.6261499999998,282,2024-04-15 11:35:00+05:30,1475.57295,CROSS_DOWN,-772.9023999999531
SHORT,2024-04-15 14:55:00+05:30,1463.535,284,2024-04-15 15:15:00+05:30,1466.465,CROSS_UP,-1025.8699999999535
LONG,2024-04-16 15:15:00+05:30,1471.2197499999997,282,2024-04-16 15:25:00+05:30,1466.78175,EOD,-1444.5859999999004
SHORT,2024-04-18 14:15:00+05:30,1467.9306000000001,282,2024-04-18 14:35:00+05:30,1471.0695999999998,CROSS_UP,-1078.3579999999067
LONG,2024-04-19 12:45:00+05:30,1467.3158499999997,281,2024-04-19 13:05:00+05:30,1468.28025,CROSS_DOWN,78.39640000008322
SHORT,2024-04-23 11:05:00+05:30,1467.7308,281,2024-04-23 11:25:00+05:30,1469.2677999999999,CROSS_UP,-624.4869999999459
LONG,2024-04-24 11:25:00+05:30,1468.1667,281,2024-04-24 11:45:00+05:30,1461.0375,CROSS_DOWN,-2195.335200000023
SHORT,2024-04-24 11:55:00+05:30,1461.8367,280,2024-04-24 12:15:00+05:30,1464.2627999999997,CROSS_UP,-870.81799999991
LONG,2024-04-25 13:15:00+05:30,1458.6071499999998,280,2024-04-25 13:35:00+05:30,1456.542,CROSS_DOWN,-769.2219999999729
SHORT,2024-04-26 10:25:00+05:30,1454.59395,281,2024-04-26 10:45:00+05:30,1460.0085499999998,CROSS_UP,-1712.862599999954
LONG,2024-04-26 11:35:00+05:30,1463.2617999999998,278,2024-04-26 11:55:00+05:30,1459.78875,CROSS_DOWN,-1155.8078999999527
SHORT,2024-04-26 13:05:00+05:30,1457.3411999999998,278,2024-04-26 13:25:00+05:30,1455.8544,CROSS_UP,223.37039999997302
LONG,2024-04-29 09:35:00+05:30,1467.466,276,2024-04-29 09:55:00+05:30,1462.536,CROSS_DOWN,-1550.2399999999548
SHORT,2024-04-30 14:55:00+05:30,1467.1314,275,2024-04-30 15:15:00+05:30,1466.465,CROSS_UP,-6.129999999981607
LONG,2024-05-02 11:45:00+05:30,1475.9744999999998,274,2024-05-02 12:05:00+05:30,1473.525,CROSS_DOWN,-860.7029999999222
SHORT,2024-05-02 13:15:00+05:30,1471.527,274,2024-05-02 13:35:00+05:30,1473.22175,CROSS_UP,-653.7014999999686
LONG,2024-05-08 09:25:00+05:30,1410.4089999999999,285,2024-05-08 09:45:00+05:30,1405.4931000000001,CROSS_DOWN,-1589.5014999999253
SHORT,2024-05-09 09:25:00+05:30,1406.24235,285,2024-05-09 09:45:00+05:30,1409.2078,CROSS_UP,-1033.6632499999769
LONG,2024-05-10 09:55:00+05:30,1403.4019999999998,285,2024-05-10 10:15:00+05:30,1394.35425,CROSS_DOWN,-2766.0387499999215
SHORT,2024-05-10 10:25:00+05:30,1395.603,285,2024-05-10 10:45:00+05:30,1393.3919999999998,CROSS_UP,442.78500000006846
LONG,2024-05-10 13:45:00+05:30,1400.6992999999998,284,2024-05-10 14:05:00+05:30,1393.3053,CROSS_DOWN,-2286.695999999937
SHORT,2024-05-13 09:45:00+05:30,1387.1115,285,2024-05-13 10:05:00+05:30,1391.3899999999999,CROSS_UP,-1405.9824999999698
LONG,2024-05-13 12:35:00+05:30,1398.6972999999998,282,2024-05-13 12:55:00+05:30,1393.55505,CROSS_DOWN,-1635.914499999965
SHORT,2024-05-13 13:35:00+05:30,1393.3053,282,2024-05-13 13:55:00+05:30,1401.9004999999997,CROSS_UP,-2609.6863999999296
SHORT,2024-05-15 13:55:00+05:30,1419.02955,275,2024-05-15 14:15:00+05:30,1420.9194999999997,CROSS_UP,-704.5062499999372
LONG,2024-05-16 15:05:00+05:30,1425.9244999999999,273,2024-05-16 15:25:00+05:30,1424.0745,CROSS_DOWN,-689.3099999999752
SHORT,2024-05-21 09:45:00+05:30,1429.4691,272,2024-05-21 10:05:00+05:30,1433.0315999999998,CROSS_UP,-1153.299999999938
LONG,2024-05-21 12:15:00+05:30,1435.1336999999999,270,2024-05-21 12:35:00+05:30,1431.81675,CROSS_DOWN,-1079.0864999999746
SHORT,2024-05-24 14:35:00+05:30,1478.56995,261,2024-05-24 14:55:00+05:30,1481.6801999999998,CROSS_UP,-995.0452499999278
LONG,2024-05-27 12:45:00+05:30,1478.9774999999997,260,2024-05-27 13:05:00+05:30,1475.0235,CROSS_DOWN,-1210.4799999999282
SHORT,2024-05-27 14:45:00+05:30,1465.48305,262,2024-05-27 15:05:00+05:30,1468.1667,CROSS_UP,-885.6862999999852
LONG,2024-05-28 10:35:00+05:30,1476.2247499999999,259,2024-05-28 10:55:00+05:30,1470.528,CROSS_DOWN,-1656.988249999958
SHORT,2024-05-28 11:15:00+05:30,1470.0285,259,2024-05-28 11:35:00+05:30,1472.6711999999998,CROSS_UP,-865.8992999999682
LONG,2024-05-31 09:25:00+05:30,1436.8354,265,2024-05-31 09:45:00+05:30,1433.91465,CROSS_DOWN,-955.1787499999996
SHORT,2024-05-31 11:15:00+05:30,1425.573,266,2024-05-31 11:35:00+05:30,1429.4780499999997,CROSS_UP,-1219.6632999998988
LONG,2024-05-31 13:45:00+05:30,1431.4299999999998,264,2024-05-31 14:05:00+05:30,1428.57,CROSS_DOWN,-935.2199999999737
SHORT,2024-05-31 14:35:00+05:30,1425.9726,265,2024-05-31 14:55:00+05:30,1429.3279,CROSS_UP,-1069.5944999999847
LONG,2024-05-31 15:15:00+05:30,1433.9325,262,2024-05-31 15:25:00+05:30,1428.0705,EOD,-1715.0139999999615
SHORT,2024-06-04 09:35:00+05:30,1449.549,258,2024-06-04 09:55:00+05:30,1463.0615999999998,CROSS_UP,-3665.4907999999464
LONG,2024-06-05 11:25:00+05:30,1421.9205,261,2024-06-05 11:45:00+05:30,1404.34425,CROSS_DOWN,-4764.09124999996
SHORT,2024-06-06 13:15:00+05:30,1426.572,257,2024-06-06 13:35:00+05:30,1438.6372,CROSS_UP,-3277.3864000000012
SHORT,2024-06-06 14:35:00+05:30,1425.32325,255,2024-06-06 14:55:00+05:30,1431.8303999999998,CROSS_UP,-1834.733249999977
LONG,2024-06-06 15:15:00+05:30,1436.88545,251,2024-06-06 15:25:00+05:30,1434.564,EOD,-756.8239499999783
SHORT,2024-06-10 14:45:00+05:30,1472.27625,245,2024-06-10 15:05:00+05:30,1471.7702999999997,CROSS_UP,-50.36224999994812
LONG,2024-06-12 10:05:00+05:30,1467.466,245,2024-06-12 10:25:00+05:30,1469.0295,CROSS_DOWN,209.02750000004994
SHORT,2024-06-12 14:35:00+05:30,1466.532,246,2024-06-12 14:55:00+05:30,1465.6642,CROSS_UP,39.13879999999715
LONG,2024-06-13 12:35:00+05:30,1469.5680999999997,245,2024-06-13 12:55:00+05:30,1466.0824499999999,CROSS_DOWN,-1027.8342499999635
SHORT,2024-06-13 15:25:00+05:30,1462.3362,246,2024-06-14 09:25:00+05:30,1462.0605999999998,CROSS_UP,-106.19239999995874
LONG,2024-06-14 10:45:00+05:30,1471.9705,244,2024-06-14 11:05:00+05:30,1471.527,CROSS_DOWN,-281.9739999999654
SHORT,2024-06-18 12:45:00+05:30,1473.525,244,2024-06-18 13:05:00+05:30,1475.92445,CROSS_UP,-759.4257999999727
LONG,2024-06-18 14:55:00+05:30,1482.3808999999999,242,2024-06-18 15:15:00+05:30,1479.9186000000002,CROSS_DOWN,-769.3465999999241
SHORT,2024-06-19 10:25:00+05:30,1461.6369,245,2024-06-19 10:45:00+05:30,1465.1636999999998,CROSS_UP,-1037.5359999999673
LONG,2024-06-20 10:35:00+05:30,1481.2297499999997,241,2024-06-20 10:55:00+05:30,1475.523,CROSS_DOWN,-1547.9467499999587
SHORT,2024-06-21 09:25:00+05:30,1463.7348,242,2024-06-21 09:45:00+05:30,1463.21175,CROSS_UP,-45.46189999999709
LONG,2024-06-25 09:55:00+05:30,1445.4439999999997,245,2024-06-25 10:15:00+05:30,1443.4551000000001,CROSS_DOWN,-659.1504999999026
LONG,2024-06-25 10:25:00+05:30,1446.3949499999999,245,2024-06-25 10:45:00+05:30,1443.555,CROSS_DOWN,-867.6877499999553
SHORT,2024-07-01 11:05:00+05:30,1556.442,227,2024-07-01 11:25:00+05:30,1561.6600999999998,CROSS_UP,-1356.3186999999596
LONG,2024-07-02 10:15:00+05:30,1566.4649,225,2024-07-02 10:35:00+05:30,1565.3331,CROSS_DOWN,-426.0049999999741
SHORT,2024-07-02 13:25:00+05:30,1559.0394,225,2024-07-02 13:45:00+05:30,1564.7631999999999,CROSS_UP,-1458.7749999999962
LONG,2024-07-02 14:35:00+05:30,1566.5649999999998,223,2024-07-02 14:55:00+05:30,1562.436,CROSS_DOWN,-1090.8369999999788
LONG,2024-07-02 15:15:00+05:30,1567.5659999999998,223,2024-07-02 15:25:00+05:30,1561.8366,EOD,-1447.6961999999362
SHORT,2024-07-03 10:05:00+05:30,1553.5448999999999,224,2024-07-03 10:25:00+05:30,1552.1505999999997,CROSS_UP,142.4932000000353
LONG,2024-07-03 15:25:00+05:30,1556.0544999999997,223,2024-07-04 09:25:00+05:30,1557.79065,CROSS_DOWN,217.5514500000401
SHORT,2024-07-04 14:25:00+05:30,1553.8446000000001,224,2024-07-04 14:45:00+05:30,1558.9574,CROSS_UP,-1315.217199999973
LONG,2024-07-05 09:55:00+05:30,1566.7651999999998,221,2024-07-05 10:15:00+05:30,1566.9315,CROSS_DOWN,-132.49769999997966
SHORT,2024-07-09 09:45:00+05:30,1591.9065,218,2024-07-09 10:05:00+05:30,1592.8912999999998,CROSS_UP,-384.2163999999396
LONG,2024-07-09 14:55:00+05:30,1593.04145,217,2024-07-09 15:15:00+05:30,1588.41,CROSS_DOWN,-1173.7746499999694
SHORT,2024-07-10 09:15:00+05:30,1584.66375,218,2024-07-10 09:35:00+05:30,1586.5849999999998,CROSS_UP,-587.8224999999723
LONG,2024-07-10 15:15:00+05:30,1585.5339499999998,217,2024-07-10 15:25:00+05:30,1580.418,EOD,-1278.311149999975
SHORT,2024-07-11 10:35:00+05:30,1571.47695,218,2024-07-11 10:55:00+05:30,1579.5779999999997,CROSS_UP,-1934.0888999999477
LONG,2024-07-11 11:25:00+05:30,1581.7802,216,2024-07-11 11:45:00+05:30,1582.66575,CROSS_DOWN,23.598799999992778
SHORT,2024-07-11 15:05:00+05:30,1580.3181000000002,216,2024-07-11 15:25:00+05:30,1586.5849999999998,CROSS_UP,-1521.2503999999185
LONG,2024-07-12 11:05:00+05:30,1594.5429499999998,213,2024-07-12 11:25:00+05:30,1586.6118000000001,CROSS_DOWN,-1855.7549499999277
SHORT,2024-07-12 12:35:00+05:30,1584.414,213,2024-07-12 12:55:00+05:30,1593.5419499999998,CROSS_UP,-2110.5333499999633
SHORT,2024-07-15 10:35:00+05:30,1590.5078999999998,211,2024-07-15 10:55:00+05:30,1588.5869999999998,CROSS_UP,239.84990000001565
LONG,2024-07-15 12:15:00+05:30,1598.1965999999998,210,2024-07-15 12:35:00+05:30,1593.7047,CROSS_DOWN,-1108.5189999999495
SHORT,2024-07-16 09:45:00+05:30,1585.86255,211,2024-07-16 10:05:00+05:30,1589.0374499999998,CROSS_UP,-835.0838999999477
LONG,2024-07-18 13:15:00+05:30,1579.9784,211,2024-07-18 13:35:00+05:30,1575.67275,CROSS_DOWN,-1072.932150000003
SHORT,2024-07-19 09:45:00+05:30,1568.3301000000001,212,2024-07-19 10:05:00+05:30,1570.5689999999997,CROSS_UP,-639.0667999999158
LONG,2024-07-23 14:35:00+05:30,1496.5950999999998,222,2024-07-23 14:55:00+05:30,1491.507,CROSS_DOWN,-1293.528199999936
SHORT,2024-07-24 09:25:00+05:30,1483.0155,223,2024-07-24 09:45:00+05:30,1479.8783999999998,CROSS_UP,535.8533000000325
LONG,2024-07-24 10:45:00+05:30,1509.8583499999997,219,2024-07-24 11:05:00+05:30,1499.8986,CROSS_DOWN,-2344.3052499999467
SHORT,2024-07-24 13:35:00+05:30,1488.3102,221,2024-07-24 13:55:00+05:30,1492.7912999999999,CROSS_UP,-1153.5130999999933
LONG,2024-07-24 14:35:00+05:30,1505.5540499999997,218,2024-07-24 14:55:00+05:30,1496.8017,CROSS_DOWN,-2070.352299999946
SHORT,2024-07-25 09:25:00+05:30,1481.1173999999999,220,2024-07-25 09:45:00+05:30,1486.485,CROSS_UP,-1343.0020000000086
LONG,2024-07-25 12:25:00+05:30,1494.2927999999997,217,2024-07-25 12:45:00+05:30,1492.4061000000002,CROSS_DOWN,-570.7738999999054
SHORT,2024-07-25 15:25:00+05:30,1492.7058,217,2024-07-26 09:25:00+05:30,1499.9985,CROSS_UP,-1743.985899999993
SHORT,2024-07-30 09:45:00+05:30,1512.486,213,2024-07-30 10:05:00+05:30,1515.96445,CROSS_UP,-901.6998499999656
LONG,2024-07-30 11:15:00+05:30,1522.1205999999997,211,2024-07-30 11:35:00+05:30,1518.72975,CROSS_DOWN,-875.6593499999522
SHORT,2024-07-30 13:35:00+05:30,1513.485,212,2024-07-30 13:55:00+05:30,1516.16465,CROSS_UP,-728.415800000008
LONG,2024-08-01 09:25:00+05:30,1515.514,211,2024-08-01 09:45:00+05:30,1510.7876999999999,CROSS_DOWN,-1156.8693000000078
SHORT,2024-08-02 09:45:00+05:30,1499.6988000000001,212,2024-08-02 10:05:00+05:30,1504.95345,CROSS_UP,-1273.3157999999694
LONG,2024-08-06 09:35:00+05:30,1465.7642999999998,216,2024-08-06 09:55:00+05:30,1470.4281,CROSS_DOWN,848.3008000000572
SHORT,2024-08-06 14:05:00+05:30,1456.8417,218,2024-08-06 14:25:00+05:30,1458.9574999999998,CROSS_UP,-620.4043999999582
LONG,2024-08-07 10:05:00+05:30,1464.0625999999997,217,2024-08-07 10:25:00+05:30,1465.6828500000001,CROSS_DOWN,192.31425000008608
SHORT,2024-08-07 15:05:00+05:30,1463.8346999999999,217,2024-08-07 15:25:00+05:30,1466.465,CROSS_UP,-729.9651000000073
SHORT,2024-08-08 09:25:00+05:30,1455.89265,218,2024-08-08 09:45:00+05:30,1459.6581999999999,CROSS_UP,-979.9998999999668
LONG,2024-08-09 09:35:00+05:30,1469.51805,215,2024-08-09 09:55:00+05:30,1464.7338,CROSS_DOWN,-1186.8737499999847
SHORT,2024-08-12 09:45:00+05:30,1460.9376000000002,215,2024-08-12 10:05:00+05:30,1465.6642,CROSS_UP,-1174.188999999943
LONG,2024-08-13 11:55:00+05:30,1467.6662,214,2024-08-13 12:15:00+05:30,1465.0335,CROSS_DOWN,-721.1377999999756
SHORT,2024-08-13 14:05:00+05:30,1459.539,214,2024-08-13 14:25:00+05:30,1463.5120499999998,CROSS_UP,-1007.5726999999637
LONG,2024-08-14 12:05:00+05:30,1467.8663999999999,212,2024-08-14 12:25:00+05:30,1463.535,CROSS_DOWN,-1074.8767999999584
SHORT,2024-08-14 15:15:00+05:30,1459.2393,213,2024-08-14 15:25:00+05:30,1461.5100499999999,EOD,-640.4497499999802
LONG,2024-08-16 09:25:00+05:30,1479.52805,210,2024-08-16 09:45:00+05:30,1470.4281,CROSS_DOWN,-2067.1494999999595
SHORT,2024-08-16 11:05:00+05:30,1457.9406000000001,211,2024-08-16 11:25:00+05:30,1464.4629999999997,CROSS_UP,-1531.936399999917
LONG,2024-08-16 12:05:00+05:30,1474.12265,208,2024-08-16 12:25:00+05:30,1471.7268000000001,CROSS_DOWN,-653.4667999999755
SHORT,2024-08-19 14:25:00+05:30,1483.9146,206,2024-08-19 14:45:00+05:30,1489.4879999999998,CROSS_UP,-1303.1403999999516
LONG,2024-08-20 09:15:00+05:30,1494.493,204,2024-08-20 09:35:00+05:30,1494.504,CROSS_DOWN,-152.40600000000669
SHORT,2024-08-20 14:55:00+05:30,1496.2023000000002,203,2024-08-20 15:15:00+05:30,1493.44195,CROSS_UP,406.1310500000496
LONG,2024-08-21 10:05:00+05:30,1506.95545,202,2024-08-21 10:25:00+05:30,1503.6448500000001,CROSS_DOWN,-823.0411999999585
SHORT,2024-08-21 13:35:00+05:30,1500.3981,203,2024-08-21 13:55:00+05:30,1503.4018999999998,CROSS_UP,-764.3613999999448
SHORT,2024-08-21 14:45:00+05:30,1497.4510500000001,203,2024-08-21 15:05:00+05:30,1498.74725,CROSS_UP,-417.48859999995364
LONG,2024-08-22 13:35:00+05:30,1500.8994,202,2024-08-22 13:55:00+05:30,1498.94955,CROSS_DOWN,-547.8196999999939
SHORT,2024-08-23 13:15:00+05:30,1500.1483500000002,202,2024-08-23 13:35:00+05:30,1503.6020999999998,CROSS_UP,-851.7074999999339
LONG,2024-08-26 09:35:00+05:30,1513.3117999999997,199,2024-08-26 09:55:00+05:30,1509.489,CROSS_DOWN,-913.857199999938
SHORT,2024-08-26 15:15:00+05:30,1508.49,199,2024-08-26 15:25:00+05:30,1512.1105999999997,EOD,-873.5493999999483
LONG,2024-08-28 11:55:00+05:30,1505.3037999999997,199,2024-08-28 12:15:00+05:30,1501.497,CROSS_DOWN,-910.1131999999228
SHORT,2024-08-28 13:15:00+05:30,1497.9006000000002,199,2024-08-28 13:35:00+05:30,1498.7972999999997,CROSS_UP,-330.71329999991144
LONG,2024-08-29 10:25:00+05:30,1508.8072999999997,198,2024-08-29 10:45:00+05:30,1503.0954,CROSS_DOWN,-1283.1161999999579
SHORT,2024-08-30 10:55:00+05:30,1512.0864,197,2024-08-30 11:15:00+05:30,1514.513,CROSS_UP,-630.2602000000015
LONG,2024-08-30 14:25:00+05:30,1512.5109999999997,196,2024-08-30 14:45:00+05:30,1510.03845,CROSS_DOWN,-636.1597999999467
SHORT,2024-08-30 15:05:00+05:30,1509.7887,196,2024-08-30 15:25:00+05:30,1513.9124,CROSS_UP,-959.7951999999748
SHORT,2024-09-02 13:05:00+05:30,1512.486,195,2024-09-02 13:25:00+05:30,1514.96345,CROSS_UP,-634.2827499999731
LONG,2024-09-03 09:25:00+05:30,1518.4169,194,2024-09-03 09:45:00+05:30,1514.484,CROSS_DOWN,-913.7926000000035
SHORT,2024-09-03 10:15:00+05:30,1510.0883999999999,194,2024-09-03 10:35:00+05:30,1513.7122,CROSS_UP,-853.5172000000143
LONG,2024-09-03 13:15:00+05:30,1518.9173999999998,193,2024-09-03 13:35:00+05:30,1514.7837,CROSS_DOWN,-948.0940999999734
SHORT,2024-09-03 14:35:00+05:30,1511.23725,193,2024-09-03 14:55:00+05:30,1510.5089999999998,CROSS_UP,-9.437749999977527
LONG,2024-09-04 11:35:00+05:30,1514.7132,192,2024-09-04 11:55:00+05:30,1513.3851000000002,CROSS_DOWN,-404.62519999994663
SHORT,2024-09-05 10:55:00+05:30,1510.9875,193,2024-09-05 11:15:00+05:30,1514.2627499999999,CROSS_UP,-782.1432499999835
LONG,2024-09-10 09:25:00+05:30,1467.3659,198,2024-09-10 09:45:00+05:30,1458.6399,CROSS_DOWN,-1876.8580000000222
SHORT,2024-09-10 10:15:00+05:30,1459.8387,198,2024-09-10 10:35:00+05:30,1465.3638999999998,CROSS_UP,-1243.129599999963
LONG,2024-09-10 11:15:00+05:30,1465.8644,196,2024-09-10 11:35:00+05:30,1462.7358000000002,CROSS_DOWN,-761.4955999999565
SHORT,2024-09-10 15:05:00+05:30,1459.2393,196,2024-09-10 15:25:00+05:30,1463.5620999999996,CROSS_UP,-995.328799999939
LONG,2024-09-11 12:05:00+05:30,1468.2667999999999,194,2024-09-11 12:25:00+05:30,1466.9316000000001,CROSS_DOWN,-406.5487999999532
SHORT,2024-09-11 13:35:00+05:30,1458.0405,196,2024-09-11 13:55:00+05:30,1457.7062499999997,CROSS_UP,-82.4069999999337
LONG,2024-09-12 14:05:00+05:30,1465.9644999999998,194,2024-09-12 14:25:00+05:30,1471.0275,CROSS_DOWN,834.5120000000198
SHORT,2024-09-13 14:35:00+05:30,1472.0265,194,2024-09-13 14:55:00+05:30,1473.3718999999999,CROSS_UP,-408.8775999999858
LONG,2024-09-16 09:45:00+05:30,1478.6771999999999,193,2024-09-16 10:05:00+05:30,1475.0235,CROSS_DOWN,-852.74409999997
SHORT,2024-09-16 10:35:00+05:30,1469.7288,194,2024-09-16 10:55:00+05:30,1473.1716999999999,CROSS_UP,-815.6625999999576
LONG,2024-09-16 15:05:00+05:30,1472.5210499999998,193,2024-09-16 15:25:00+05:30,1470.7278000000001,CROSS_DOWN,-493.3672499999452
SHORT,2024-09-17 11:25:00+05:30,1468.0305,193,2024-09-17 11:45:00+05:30,1469.1677,CROSS_UP,-366.5595999999794
LONG,2024-09-17 12:55:00+05:30,1473.8724,192,2024-09-17 13:15:00+05:30,1469.1293999999998,CROSS_DOWN,-1057.3360000000318
SHORT,2024-09-17 15:05:00+05:30,1471.2273,192,2024-09-17 15:25:00+05:30,1473.9724999999999,CROSS_UP,-673.8683999999695
SHORT,2024-09-18 12:15:00+05:30,1468.8297,191,2024-09-18 12:35:00+05:30,1471.9204499999998,CROSS_UP,-736.4532499999701
LONG,2024-09-19 13:05:00+05:30,1464.4629999999997,192,2024-09-19 13:25:00+05:30,1469.1293999999998,CROSS_DOWN,749.3888000000128
SHORT,2024-09-23 15:05:00+05:30,1491.7068000000002,188,2024-09-23 15:25:00+05:30,1493.9924999999998,CROSS_UP,-575.7815999999395
LONG,2024-09-24 09:35:00+05:30,1497.4959999999999,187,2024-09-24 09:55:00+05:30,1494.0045,CROSS_DOWN,-798.6304999999738
SHORT,2024-09-24 10:55:00+05:30,1492.506,187,2024-09-24 11:15:00+05:30,1491.7402499999998,CROSS_UP,-2.364749999952707
LONG,2024-09-24 13:15:00+05:30,1496.8953999999999,187,2024-09-24 13:35:00+05:30,1493.6548500000001,CROSS_DOWN,-751.6728499999546
SHORT,2024-09-24 14:55:00+05:30,1487.2113,188,2024-09-24 15:15:00+05:30,1490.3388499999996,CROSS_UP,-733.7693999999437
LONG,2024-09-25 13:35:00+05:30,1489.9384499999999,187,2024-09-25 13:55:00+05:30,1490.2083,CROSS_DOWN,-94.9480499999751
SHORT,2024-09-26 14:55:00+05:30,1496.6518500000002,186,2024-09-26 15:15:00+05:30,1502.9014,CROSS_UP,-1307.8062999999574
SHORT,2024-09-27 09:45:00+05:30,1494.25425,185,2024-09-27 10:05:00+05:30,1498.6971999999998,CROSS_UP,-966.6257499999783
LONG,2024-09-27 13:15:00+05:30,1498.1967,184,2024-09-27 13:35:00+05:30,1495.25325,CROSS_DOWN,-685.8047999999972
SHORT,2024-09-30 10:15:00+05:30,1493.505,184,2024-09-30 10:35:00+05:30,1491.9904999999999,CROSS_UP,134.62800000004148
LONG,2024-10-04 12:25:00+05:30,1412.6111999999998,195,2024-10-04 12:45:00+05:30,1395.65295,CROSS_DOWN,-3450.1987499999823
LONG,2024-10-08 10:25:00+05:30,1383.2819,197,2024-10-08 10:45:00+05:30,1376.3223,CROSS_DOWN,-1513.9011999999823
SHORT,2024-10-09 12:15:00+05:30,1386.4122,195,2024-10-09 12:35:00+05:30,1389.5381499999999,CROSS_UP,-752.0802499999756
LONG,2024-10-11 09:55:00+05:30,1380.379,195,2024-10-11 10:15:00+05:30,1377.0715500000001,CROSS_DOWN,-786.842749999959
SHORT,2024-10-11 11:05:00+05:30,1374.624,196,2024-10-11 11:25:00+05:30,1379.6782999999998,CROSS_UP,-1132.8727999999578
LONG,2024-10-11 11:35:00+05:30,1380.2789,194,2024-10-11 11:55:00+05:30,1375.8228000000001,CROSS_DOWN,-1005.8133999999765
SHORT,2024-10-11 14:15:00+05:30,1373.1255,194,2024-10-11 14:35:00+05:30,1375.0236499999999,CROSS_UP,-509.36109999995335
LONG,2024-10-14 10:05:00+05:30,1378.6772999999998,193,2024-10-14 10:25:00+05:30,1375.1235,CROSS_DOWN,-826.6633999999826
SHORT,2024-10-14 10:55:00+05:30,1368.67995,194,2024-10-14 11:15:00+05:30,1375.2739,CROSS_UP,-1420.0962999999902
LONG,2024-10-16 13:55:00+05:30,1357.6562999999999,195,2024-10-16 14:15:00+05:30,1357.641,CROSS_DOWN,-143.49349999996048
SHORT,2024-10-17 13:35:00+05:30,1353.9447,195,2024-10-17 13:55:00+05:30,1355.7544,CROSS_UP,-493.1715000000041
LONG,2024-10-18 11:25:00+05:30,1360.0586999999998,194,2024-10-18 11:45:00+05:30,1358.4402,CROSS_DOWN,-454.0889999999637
SHORT,2024-10-21 09:15:00+05:30,1367.4811499999998,192,2024-10-21 09:35:00+05:30,1362.7613999999999,CROSS_UP,766.5119999999955
SHORT,2024-10-22 10:35:00+05:30,1357.8408,194,2024-10-22 10:55:00+05:30,1366.5652,CROSS_UP,-1832.6936000000117
LONG,2024-10-23 12:05:00+05:30,1349.8484999999998,194,2024-10-23 12:25:00+05:30,1353.645,CROSS_DOWN,596.8210000000292
SHORT,2024-10-23 13:55:00+05:30,1343.0056499999998,195,2024-10-23 14:15:00+05:30,1339.9385999999997,CROSS_UP,458.61475000002116
LONG,2024-10-24 14:15:00+05:30,1334.98365,197,2024-10-24 14:35:00+05:30,1340.8078500000001,CROSS_DOWN,1007.1474000000485
SHORT,2024-10-25 10:05:00+05:30,1326.672,199,2024-10-25 10:25:00+05:30,1329.6282999999999,CROSS_UP,-728.5936999999658
LONG,2024-10-25 14:15:00+05:30,1331.8304999999998,198,2024-10-25 14:35:00+05:30,1324.9737,CROSS_DOWN,-1497.3963999999592
LONG,2024-10-28 10:25:00+05:30,1341.1397999999997,195,2024-10-28 10:45:00+05:30,1343.10555,CROSS_DOWN,243.84125000005815
SHORT,2024-10-28 14:15:00+05:30,1336.9617,196,2024-10-28 14:35:00+05:30,1340.4390999999998,CROSS_UP,-821.1703999999532
LONG,2024-10-29 12:55:00+05:30,1336.5852499999999,195,2024-10-29 13:15:00+05:30,1329.4692,CROSS_DOWN,-1526.2897499999724
SHORT,2024-10-30 14:15:00+05:30,1339.90875,194,2024-10-30 14:35:00+05:30,1348.3469999999998,CROSS_UP,-1775.9404999999415
LONG,2024-10-30 14:45:00+05:30,1345.1938499999997,192,2024-10-30 15:05:00+05:30,1343.6050500000001,CROSS_DOWN,-443.18959999991114
SHORT,2024-10-31 09:35:00+05:30,1329.8688,194,2024-10-31 09:55:00+05:30,1336.7354,CROSS_UP,-1470.330400000012
LONG,2024-10-31 13:05:00+05:30,1341.34,191,2024-10-31 13:25:00+05:30,1335.11355,CROSS_DOWN,-1326.411949999978
SHORT,2024-10-31 14:05:00+05:30,1332.8658,191,2024-10-31 14:25:00+05:30,1331.78045,CROSS_UP,70.3818500000119
LONG,2024-11-01 18:30:00+05:30,1340.8895499999999,190,2024-11-01 18:50:00+05:30,1337.0616,CROSS_DOWN,-864.0904999999759
SHORT,2024-11-04 09:25:00+05:30,1305.94275,194,2024-11-04 09:45:00+05:30,1302.7014,CROSS_UP,492.36190000000215
LONG,2024-11-04 15:15:00+05:30,1300.3990999999999,196,2024-11-04 15:25:00+05:30,1297.55115,EOD,-695.0681999999716
SHORT,2024-11-05 09:15:00+05:30,1294.5041999999999,196,2024-11-05 09:35:00+05:30,1294.4932,CROSS_UP,-134.46400000000642
LONG,2024-11-05 10:45:00+05:30,1304.8034999999998,194,2024-11-05 11:05:00+05:30,1296.3023999999998,CROSS_DOWN,-1785.1533999999904
SHORT,2024-11-05 11:35:00+05:30,1292.65605,195,2024-11-05 11:55:00+05:30,1291.7904999999998,CROSS_UP,32.75225000004136
LONG,2024-11-05 13:55:00+05:30,1303.0016999999998,193,2024-11-05 14:15:00+05:30,1301.1975,CROSS_DOWN,-483.9405999999633
SHORT,2024-11-07 10:15:00+05:30,1308.69,192,2024-11-07 10:35:00+05:30,1308.25695,CROSS_UP,-52.60439999998197
LONG,2024-11-11 11:35:00+05:30,1286.7855,195,2024-11-11 11:55:00+05:30,1277.9208,CROSS_DOWN,-1863.7664999999722
SHORT,2024-11-11 12:15:00+05:30,1274.8738500000002,196,2024-11-11 12:35:00+05:30,1279.8285499999997,CROSS_UP,-1106.4511999999113
LONG,2024-11-12 09:35:00+05:30,1277.42615,194,2024-11-12 09:55:00+05:30,1274.2245,CROSS_DOWN,-755.4800999999946
LONG,2024-11-12 10:35:00+05:30,1282.8815999999997,193,2024-11-12 10:55:00+05:30,1284.46425,CROSS_DOWN,170.89145000005504
SHORT,2024-11-12 13:05:00+05:30,1275.1236000000001,194,2024-11-12 13:25:00+05:30,1274.8235499999998,CROSS_UP,-76.17029999994509
LONG,2024-11-14 10:15:00+05:30,1257.7565,197,2024-11-14 10:45:00+05:30,1253.9448,CROSS_DOWN,-885.2248999999947
LONG,2024-11-14 11:35:00+05:30,1266.1649,195,2024-11-14 11:55:00+05:30,1261.3873500000002,CROSS_DOWN,-1065.5722499999595
SHORT,2024-11-18 09:45:00+05:30,1249.8489,197,2024-11-18 10:05:00+05:30,1252.6013499999997,CROSS_UP,-676.242649999946
LONG,2024-11-18 12:35:00+05:30,1267.6663999999998,193,2024-11-18 12:55:00+05:30,1262.4363,CROSS_DOWN,-1142.5492999999547
SHORT,2024-11-19 14:05:00+05:30,1263.2355,193,2024-11-19 14:25:00+05:30,1265.1138499999997,CROSS_UP,-495.6715499999474
LONG,2024-11-22 09:45:00+05:30,1228.7275,198,2024-11-22 10:05:00+05:30,1237.2615,CROSS_DOWN,1556.3020000000208
SHORT,2024-11-25 15:25:00+05:30,1289.65905,190,2024-11-26 09:25:00+05:30,1291.03975,CROSS_UP,-395.9229999999874
SHORT,2024-11-26 09:45:00+05:30,1285.96275,190,2024-11-26 10:05:00+05:30,1290.1888999999999,CROSS_UP,-936.3284999999927
LONG,2024-11-26 10:55:00+05:30,1296.6953999999998,188,2024-11-26 11:15:00+05:30,1290.15855,CROSS_DOWN,-1361.6877999999494
SHORT,2024-11-26 13:35:00+05:30,1288.66005,188,2024-11-26 13:55:00+05:30,1292.94165,CROSS_UP,-937.580800000005
LONG,2024-11-26 14:05:00+05:30,1292.5412499999998,187,2024-11-26 14:25:00+05:30,1289.85885,CROSS_DOWN,-633.8587999999418
SHORT,2024-11-27 09:45:00+05:30,1290.65805,186,2024-11-27 10:05:00+05:30,1292.7914999999998,CROSS_UP,-528.6516999999649
LONG,2024-11-27 11:05:00+05:30,1295.4941999999999,185,2024-11-27 11:25:00+05:30,1293.45525,CROSS_DOWN,-508.765749999979
SHORT,2024-11-27 12:15:00+05:30,1292.05665,185,2024-11-27 12:35:00+05:30,1298.9977,CROSS_UP,-1415.6342499999823
SHORT,2024-11-27 15:15:00+05:30,1292.6061000000002,184,2024-11-27 15:25:00+05:30,1295.2939999999999,EOD,-625.6335999999396
LONG,2024-11-29 10:35:00+05:30,1290.2889999999998,184,2024-11-29 10:55:00+05:30,1297.701,CROSS_DOWN,1232.5480000000482
SHORT,2024-12-02 09:25:00+05:30,1280.26845,187,2024-12-02 09:45:00+05:30,1284.283,CROSS_UP,-882.350849999976
LONG,2024-12-02 10:55:00+05:30,1295.0937999999999,184,2024-12-02 11:15:00+05:30,1293.2055,CROSS_DOWN,-478.5371999999714
SHORT,2024-12-04 09:45:00+05:30,1315.683,180,2024-12-04 10:05:00+05:30,1319.06775,CROSS_UP,-739.9549999999892
LONG,2024-12-05 09:45:00+05:30,1310.6593499999997,181,2024-12-05 10:05:00+05:30,1306.6420500000002,CROSS_DOWN,-857.7312999999135
LONG,2024-12-05 10:55:00+05:30,1312.6112999999998,180,2024-12-05 11:15:00+05:30,1307.691,CROSS_DOWN,-1015.8739999999586
SHORT,2024-12-05 11:25:00+05:30,1306.8918,180,2024-12-05 11:45:00+05:30,1313.0116999999998,CROSS_UP,-1231.761999999944
LONG,2024-12-05 12:05:00+05:30,1322.8715499999998,177,2024-12-05 12:25:00+05:30,1319.2794,CROSS_DOWN,-765.3605499999906
SHORT,2024-12-06 10:05:00+05:30,1314.43425,177,2024-12-06 10:25:00+05:30,1316.3650499999999,CROSS_UP,-470.9715999999757
LONG,2024-12-11 09:35:00+05:30,1286.6353499999998,181,2024-12-11 09:55:00+05:30,1282.5661499999999,CROSS_DOWN,-865.5951999999836
LONG,2024-12-11 12:05:00+05:30,1285.2839999999999,180,2024-12-11 12:25:00+05:30,1282.1166,CROSS_DOWN,-698.7119999999668
LONG,2024-12-13 12:55:00+05:30,1265.1639,182,2024-12-13 13:15:00+05:30,1261.737,CROSS_DOWN,-751.8757999999877
SHORT,2024-12-16 13:35:00+05:30,1268.3803500000001,181,2024-12-16 13:55:00+05:30,1270.2689999999998,CROSS_UP,-469.9856499999354
LONG,2024-12-18 09:45:00+05:30,1255.50425,183,2024-12-18 10:05:00+05:30,1252.0466999999999,CROSS_DOWN,-760.7316500000152
SHORT,2024-12-18 12:35:00+05:30,1245.5532,184,2024-12-18 12:55:00+05:30,1252.3010499999998,CROSS_UP,-1369.6643999999528
LONG,2024-12-18 14:05:00+05:30,1255.70445,181,2024-12-18 14:25:00+05:30,1253.8948500000001,CROSS_DOWN,-454.7475999999671
SHORT,2024-12-19 09:25:00+05:30,1236.21255,184,2024-12-19 09:45:00+05:30,1243.89265,CROSS_UP,-1540.6084000000071
LONG,2024-12-20 11:45:00+05:30,1235.234,183,2024-12-20 12:05:00+05:30,1228.77,CROSS_DOWN,-1309.4419999999893
SHORT,2024-12-20 12:15:00+05:30,1227.0717,183,2024-12-20 12:35:00+05:30,1226.225,CROSS_UP,28.616100000010107
LONG,2024-12-23 10:55:00+05:30,1224.7234999999998,183,2024-12-23 11:15:00+05:30,1223.22555,CROSS_DOWN,-400.23484999994855
SHORT,2024-12-23 12:55:00+05:30,1216.3324499999999,184,2024-12-23 13:15:00+05:30,1217.0158,CROSS_UP,-251.82640000000342
LONG,2024-12-23 14:45:00+05:30,1222.4712499999998,183,2024-12-23 15:05:00+05:30,1221.6271499999998,CROSS_DOWN,-280.4803000000047
SHORT,2024-12-24 14:05:00+05:30,1224.1746,182,2024-12-24 14:25:00+05:30,1224.9236999999998,CROSS_UP,-262.06619999995837
LONG,2024-12-26 13:05:00+05:30,1225.1739499999999,182,2024-12-26 13:25:00+05:30,1219.32945,CROSS_DOWN,-1189.1889999999862
SHORT,2024-12-26 13:35:00+05:30,1220.92785,182,2024-12-26 13:55:00+05:30,1222.2209999999998,CROSS_UP,-360.8832999999529
LONG,2024-12-27 10:05:00+05:30,1224.6234,181,2024-12-27 10:25:00+05:30,1225.5732,CROSS_DOWN,46.54380000001731
SHORT,2024-12-27 14:35:00+05:30,1221.02775,181,2024-12-27 14:55:00+05:30,1222.6214,CROSS_UP,-413.57065000000455
LONG,2024-12-31 11:25:00+05:30,1214.213,182,2024-12-31 11:45:00+05:30,1211.1876000000002,CROSS_DOWN,-675.552799999957
SHORT,2024-12-31 12:15:00+05:30,1212.2865,182,2024-12-31 12:35:00+05:30,1213.2119999999998,CROSS_UP,-293.4109999999689
SHORT,2024-12-31 12:45:00+05:30,1209.8889,182,2024-12-31 13:05:00+05:30,1212.6114,CROSS_UP,-620.3450000000149
LONG,2024-12-31 13:45:00+05:30,1215.9146999999998,181,2024-12-31 14:05:00+05:30,1216.53225,CROSS_DOWN,-13.023449999970182
SHORT,2025-01-06 09:55:00+05:30,1249.1496000000002,176,2025-01-06 10:15:00+05:30,1251.5002499999998,CROSS_UP,-538.4343999999353
LONG,2025-01-07 10:15:00+05:30,1239.18795,177,2025-01-07 10:35:00+05:30,1238.61015,CROSS_DOWN,-226.75060000000437
SHORT,2025-01-09 10:45:00+05:30,1250.748,175,2025-01-09 11:05:00+05:30,1258.5072499999999,CROSS_UP,-1482.3087499999717
LONG,2025-01-10 13:35:00+05:30,1252.1008499999998,173,2025-01-10 13:55:00+05:30,1250.9478000000001,CROSS_DOWN,-322.9676499999423
SHORT,2025-01-10 14:15:00+05:30,1239.50925,175,2025-01-10 14:35:00+05:30,1243.19195,CROSS_UP,-768.1724999999722
LONG,2025-01-13 13:25:00+05:30,1244.6434,174,2025-01-13 13:45:00+05:30,1238.61015,CROSS_DOWN,-1173.0154999999918
SHORT,2025-01-13 14:35:00+05:30,1237.2615,174,2025-01-13 14:55:00+05:30,1240.4391999999998,CROSS_UP,-676.0297999999533
LONG,2025-01-13 15:25:00+05:30,1242.5412999999999,172,2025-01-14 09:25:00+05:30,1244.3044499999999,CROSS_DOWN,180.6517999999993
SHORT,2025-01-14 10:25:00+05:30,1232.91585,174,2025-01-14 10:45:00+05:30,1234.0828499999998,CROSS_UP,-325.87799999994587
LONG,2025-01-14 14:55:00+05:30,1239.5883499999998,173,2025-01-14 15:15:00+05:30,1237.91085,CROSS_DOWN,-412.9074999999623
SHORT,2025-01-20 12:35:00+05:30,1301.94675,164,2025-01-20 12:55:00+05:30,1302.5512499999998,CROSS_UP,-221.59799999994897
LONG,2025-01-20 14:15:00+05:30,1306.35505,163,2025-01-20 14:35:00+05:30,1305.14355,CROSS_DOWN,-319.6644999999816
LONG,2025-01-20 14:45:00+05:30,1307.3560499999999,163,2025-01-20 15:05:00+05:30,1304.2944,CROSS_DOWN,-621.2089499999793
SHORT,2025-01-21 09:15:00+05:30,1301.5971000000002,163,2025-01-21 09:35:00+05:30,1298.0467499999997,CROSS_UP,456.7670500000709
LONG,2025-01-22 15:05:00+05:30,1277.1759,167,2025-01-22 15:25:00+05:30,1277.0716499999999,CROSS_DOWN,-139.7797500000155
SHORT,2025-01-23 09:45:00+05:30,1273.0257,167,2025-01-23 10:05:00+05:30,1273.1719,CROSS_UP,-146.5454000000226
LONG,2025-01-28 11:25:00+05:30,1234.8335999999997,172,2025-01-28 11:45:00+05:30,1233.6151499999999,CROSS_DOWN,-331.57339999997384
SHORT,2025-01-29 09:25:00+05:30,1231.6171499999998,172,2025-01-29 09:45:00+05:30,1236.38515,CROSS_UP,-942.0060000000441
LONG,2025-01-29 10:25:00+05:30,1237.6363999999999,171,2025-01-29 10:45:00+05:30,1233.6651000000002,CROSS_DOWN,-800.6922999999489
SHORT,2025-01-29 10:55:00+05:30,1236.21255,170,2025-01-29 11:15:00+05:30,1234.3330999999998,CROSS_UP,198.2565000000227
SHORT,2025-01-29 11:25:00+05:30,1238.21055,170,2025-01-29 11:45:00+05:30,1240.2389999999998,CROSS_UP,-466.24649999996484
SHORT,2025-01-29 14:35:00+05:30,1234.71405,170,2025-01-29 14:55:00+05:30,1235.6344,CROSS_UP,-277.6494999999781
LONG,2025-01-30 10:15:00+05:30,1246.6453999999999,169,2025-01-30 10:35:00+05:30,1243.10565,CROSS_DOWN,-719.4977499999852
SHORT,2025-02-01 12:05:00+05:30,1261.737,166,2025-02-01 12:25:00+05:30,1245.244,CROSS_UP,2616.9980000000273
LONG,2025-02-01 15:05:00+05:30,1266.31505,167,2025-02-01 15:25:00+05:30,1262.736,CROSS_DOWN,-719.2713499999708
SHORT,2025-02-03 09:35:00+05:30,1240.2585,170,2025-02-03 09:55:00+05:30,1242.2409999999998,CROSS_UP,-458.56499999997374
LONG,2025-02-04 09:35:00+05:30,1259.6083499999997,167,2025-02-04 09:55:00+05:30,1259.2395,CROSS_DOWN,-182.91794999997302
SHORT,2025-02-05 15:05:00+05:30,1277.57115,165,2025-02-05 15:25:00+05:30,1279.7785,CROSS_UP,-485.73274999998443
LONG,2025-02-06 09:45:00+05:30,1284.4832,164,2025-02-06 10:05:00+05:30,1276.722,CROSS_DOWN,-1393.9167999999863
SHORT,2025-02-06 10:15:00+05:30,1278.72,163,2025-02-06 10:35:00+05:30,1280.0787999999998,CROSS_UP,-342.1643999999587
LONG,2025-02-06 15:05:00+05:30,1283.7824999999998,162,2025-02-06 15:25:00+05:30,1281.717,CROSS_DOWN,-455.01099999995165
SHORT,2025-02-07 09:35:00+05:30,1272.8258999999998,163,2025-02-07 09:55:00+05:30,1269.0677999999998,CROSS_UP,492.29030000000216
LONG,2025-02-07 11:45:00+05:30,1277.6263499999998,163,2025-02-07 12:05:00+05:30,1272.2265,CROSS_DOWN,-1000.5255499999654
LONG,2025-02-10 15:25:00+05:30,1255.8545999999997,165,2025-02-11 09:25:00+05:30,1254.6441,CROSS_DOWN,-319.90249999994774
SHORT,2025-02-11 12:55:00+05:30,1242.8559,167,2025-02-11 13:15:00+05:30,1237.2359999999999,CROSS_UP,818.233300000024
LONG,2025-02-13 09:35:00+05:30,1220.4191999999998,170,2025-02-13 09:55:00+05:30,1220.2785,CROSS_DOWN,-144.23899999998713
SHORT,2025-02-13 13:55:00+05:30,1217.23155,171,2025-02-13 14:15:00+05:30,1215.9647499999999,CROSS_UP,96.0728000000176
LONG,2025-02-14 14:55:00+05:30,1218.9677499999998,171,2025-02-14 15:15:00+05:30,1214.784,CROSS_DOWN,-835.8812499999472
SHORT,2025-02-18 10:35:00+05:30,1217.9808,170,2025-02-18 10:55:00+05:30,1221.7205,CROSS_UP,-755.9689999999757
LONG,2025-02-18 11:45:00+05:30,1225.7745499999999,168,2025-02-18 12:05:00+05:30,1223.9748,CROSS_DOWN,-422.0579999999838
SHORT,2025-02-19 09:15:00+05:30,1218.82995,169,2025-02-19 09:35:00+05:30,1227.1759499999998,CROSS_UP,-1530.363999999962
LONG,2025-02-19 09:45:00+05:30,1229.0277999999998,166,2025-02-19 10:05:00+05:30,1226.9718,CROSS_DOWN,-460.3059999999689
SHORT,2025-02-19 13:35:00+05:30,1226.02275,166,2025-02-19 13:55:00+05:30,1229.9287,CROSS_UP,-767.3576999999748
LONG,2025-02-19 14:05:00+05:30,1231.6804499999998,165,2025-02-19 14:25:00+05:30,1225.12365,CROSS_DOWN,-1200.3919999999735
SHORT,2025-02-19 14:35:00+05:30,1225.2735,165,2025-02-19 14:55:00+05:30,1229.7285,CROSS_UP,-853.584999999988
LONG,2025-02-19 15:05:00+05:30,1228.67745,164,2025-02-19 15:25:00+05:30,1225.773,CROSS_DOWN,-594.4097999999996
LONG,2025-02-20 09:25:00+05:30,1233.68245,163,2025-02-20 09:45:00+05:30,1234.2645,CROSS_DOWN,-23.225850000003092
SHORT,2025-02-20 14:25:00+05:30,1230.8179499999999,163,2025-02-20 14:45:00+05:30,1233.9326999999998,CROSS_UP,-625.6442499999931
LONG,2025-02-21 09:25:00+05:30,1238.9377,161,2025-02-21 09:45:00+05:30,1234.6141499999999,CROSS_DOWN,-813.391550000011
SHORT,2025-02-21 11:15:00+05:30,1231.767,162,2025-02-21 11:35:00+05:30,1236.5352999999998,CROSS_UP,-890.0545999999557
LONG,2025-02-21 11:45:00+05:30,1236.48525,160,2025-02-21 12:05:00+05:30,1231.51725,CROSS_DOWN,-911.5799999999756
SHORT,2025-02-21 12:15:00+05:30,1231.31745,160,2025-02-21 12:35:00+05:30,1232.88165,CROSS_UP,-366.92200000000446
LONG,2025-02-27 13:35:00+05:30,1210.2089999999998,163,2025-02-27 13:55:00+05:30,1208.54025,CROSS_DOWN,-388.64624999997034
SHORT,2025-02-28 12:15:00+05:30,1207.74105,163,2025-02-28 12:35:00+05:30,1211.3100999999997,CROSS_UP,-698.3851499999358
LONG,2025-03-03 15:15:00+05:30,1173.0719,167,2025-03-03 15:25:00+05:30,1172.826,EOD,-157.295299999982
SHORT,2025-03-04 09:35:00+05:30,1164.58425,168,2025-03-04 09:55:00+05:30,1168.4672999999998,CROSS_UP,-768.552399999947
LONG,2025-03-04 11:05:00+05:30,1171.9207499999998,166,2025-03-04 11:25:00+05:30,1167.831,CROSS_DOWN,-794.468499999978
SHORT,2025-03-04 12:05:00+05:30,1164.6342,167,2025-03-04 12:25:00+05:30,1164.5634,CROSS_UP,-103.9264000000062
LONG,2025-03-05 09:35:00+05:30,1174.8736999999999,165,2025-03-05 09:55:00+05:30,1167.48135,CROSS_DOWN,-1334.9177499999755
SHORT,2025-03-10 11:45:00+05:30,1242.1566,155,2025-03-10 12:05:00+05:30,1243.5422999999998,CROSS_UP,-329.85349999997135
LONG,2025-03-11 10:55:00+05:30,1247.49625,154,2025-03-11 11:15:00+05:30,1239.60915,CROSS_DOWN,-1329.1733999999874
SHORT,2025-03-12 12:05:00+05:30,1245.20355,153,2025-03-12 12:25:00+05:30,1251.2499999999998,CROSS_UP,-1039.5168499999727
LONG,2025-03-12 12:35:00+05:30,1248.5973499999998,152,2025-03-12 12:55:00+05:30,1248.1506000000002,CROSS_DOWN,-181.97599999994083
SHORT,2025-03-13 12:35:00+05:30,1254.2944499999999,151,2025-03-13 12:55:00+05:30,1256.70545,CROSS_UP,-478.0410000000088
LONG,2025-03-18 09:35:00+05:30,1242.39115,152,2025-03-18 09:55:00+05:30,1239.1096499999999,CROSS_DOWN,-612.4080000000077
LONG,2025-03-18 10:35:00+05:30,1242.5412999999999,152,2025-03-18 10:55:00+05:30,1238.31045,CROSS_DOWN,-756.6691999999877
SHORT,2025-03-18 11:05:00+05:30,1237.51125,152,2025-03-18 11:25:00+05:30,1241.0397999999998,CROSS_UP,-649.8695999999647
LONG,2025-03-19 09:15:00+05:30,1244.243,150,2025-03-19 09:35:00+05:30,1247.1516000000001,CROSS_DOWN,323.1800000000309
SHORT,2025-03-25 10:15:00+05:30,1294.45425,145,2025-03-25 10:35:00+05:30,1297.24595,CROSS_UP,-518.1764999999988
LONG,2025-03-27 10:05:00+05:30,1283.93265,146,2025-03-27 10:25:00+05:30,1280.718,CROSS_DOWN,-582.4688999999843
SHORT,2025-03-27 12:05:00+05:30,1274.57415,146,2025-03-27 12:25:00+05:30,1275.0738,CROSS_UP,-185.73889999999625
LONG,2025-03-27 14:55:00+05:30,1278.6273499999998,146,2025-03-27 15:15:00+05:30,1277.2215,CROSS_DOWN,-318.1840999999483
SHORT,2025-03-28 12:55:00+05:30,1270.2285,146,2025-03-28 13:15:00+05:30,1277.6263499999998,CROSS_UP,-1192.716099999976
LONG,2025-04-03 13:25:00+05:30,1249.5483,148,2025-04-03 13:45:00+05:30,1245.50325,CROSS_DOWN,-710.8773999999921
SHORT,2025-04-03 13:55:00+05:30,1245.3034499999999,148,2025-04-03 14:15:00+05:30,1250.19895,CROSS_UP,-836.7340000000124
LONG,2025-04-03 15:05:00+05:30,1249.5983499999998,147,2025-04-03 15:25:00+05:30,1247.2515,CROSS_DOWN,-456.8369499999524
SHORT,2025-04-04 09:25:00+05:30,1219.8789,150,2025-04-04 09:45:00+05:30,1213.9126999999999,CROSS_UP,783.3000000000108
LONG,2025-04-07 15:05:00+05:30,1168.3672,157,2025-04-07 15:25:00+05:30,1169.9288999999999,CROSS_DOWN,133.26689999999581
SHORT,2025-04-16 09:25:00+05:30,1229.9688,149,2025-04-16 09:45:00+05:30,1233.6324,CROSS_UP,-657.7063999999791
LONG,2025-04-16 13:05:00+05:30,1238.0367999999999,148,2025-04-16 13:25:00+05:30,1229.6691,CROSS_DOWN,-1349.8395999999684
LONG,2025-04-16 14:25:00+05:30,1239.4381999999998,147,2025-04-16 14:45:00+05:30,1237.4613,CROSS_DOWN,-401.9442999999834
SHORT,2025-04-17 09:35:00+05:30,1230.768,147,2025-04-17 09:55:00+05:30,1232.3310999999999,CROSS_UP,-340.7556999999779
LONG,2025-04-17 11:05:00+05:30,1243.3420999999998,146,2025-04-17 11:25:00+05:30,1247.0517,CROSS_DOWN,430.27160000002
SHORT,2025-04-22 13:15:00+05:30,1294.8038999999999,140,2025-04-22 13:35:00+05:30,1290.7894999999999,CROSS_UP,450.9660000000032
LONG,2025-04-23 09:55:00+05:30,1301.3,140,2025-04-23 10:15:00+05:30,1291.5072,CROSS_DOWN,-1482.011999999992
SHORT,2025-04-23 10:45:00+05:30,1284.9138,140,2025-04-23 11:05:00+05:30,1291.3900999999998,CROSS_UP,-1017.3419999999735
LONG,2025-04-23 12:15:00+05:30,1296.3950999999997,138,2025-04-23 12:35:00+05:30,1293.9048,CROSS_DOWN,-453.82139999995945
SHORT,2025-04-24 09:45:00+05:30,1293.4053000000001,138,2025-04-24 10:05:00+05:30,1294.293,CROSS_UP,-232.62259999996797
LONG,2025-04-24 11:55:00+05:30,1298.5973,138,2025-04-24 12:15:00+05:30,1298.4003,CROSS_DOWN,-137.5459999999847
SHORT,2025-04-25 10:35:00+05:30,1298.2005,137,2025-04-25 10:55:00+05:30,1294.0928,CROSS_UP,452.90490000000307
LONG,2025-04-25 13:25:00+05:30,1303.6022999999998,137,2025-04-25 13:45:00+05:30,1305.8928,CROSS_DOWN,203.5585000000401
SHORT,2025-04-30 09:35:00+05:30,1395.5031000000001,128,2025-04-30 09:55:00+05:30,1404.3029,CROSS_UP,-1236.6043999999715
SHORT,2025-05-02 09:15:00+05:30,1411.587,126,2025-05-02 09:35:00+05:30,1426.5250999999998,CROSS_UP,-1992.210599999981
SHORT,2025-05-06 09:25:00+05:30,1419.3791999999999,124,2025-05-06 09:45:00+05:30,1421.6201999999998,CROSS_UP,-387.1339999999982
LONG,2025-05-06 15:05:00+05:30,1421.5200999999997,123,2025-05-06 15:25:00+05:30,1416.582,CROSS_DOWN,-716.0362999999535
SHORT,2025-05-07 09:25:00+05:30,1419.8787,123,2025-05-07 09:45:00+05:30,1413.9125,CROSS_UP,625.1326000000088
LONG,2025-05-07 11:45:00+05:30,1417.9164999999998,124,2025-05-07 12:05:00+05:30,1415.4831000000001,CROSS_DOWN,-410.8215999999585
LONG,2025-05-08 11:05:00+05:30,1417.5160999999998,123,2025-05-08 11:25:00+05:30,1416.582,CROSS_DOWN,-223.51429999996515
SHORT,2025-05-08 14:35:00+05:30,1411.9866000000002,124,2025-05-08 14:55:00+05:30,1410.8093999999999,CROSS_UP,37.07280000003867
LONG,2025-05-12 09:25:00+05:30,1424.7232999999999,123,2025-05-12 09:45:00+05:30,1422.3762,CROSS_DOWN,-397.58329999999444
SHORT,2025-05-13 12:25:00+05:30,1420.6779,123,2025-05-13 12:45:00+05:30,1420.4189999999999,CROSS_UP,-76.94529999999513
LONG,2025-05-14 09:55:00+05:30,1428.6272,122,2025-05-14 10:15:00+05:30,1427.0715,CROSS_DOWN,-298.3653999999863
SHORT,2025-05-14 12:05:00+05:30,1421.4771,122,2025-05-14 12:25:00+05:30,1424.0225999999998,CROSS_UP,-418.90099999996585
LONG,2025-05-14 15:25:00+05:30,1426.8254,122,2025-05-15 09:25:00+05:30,1415.2833,CROSS_DOWN,-1516.2861999999868
SHORT,2025-05-15 09:35:00+05:30,1414.2843,122,2025-05-15 09:55:00+05:30,1416.9154999999998,CROSS_UP,-429.0463999999766
LONG,2025-05-15 10:55:00+05:30,1428.3269,120,2025-05-15 11:15:00+05:30,1419.8787,CROSS_DOWN,-1121.1040000000053
SHORT,2025-05-19 09:35:00+05:30,1445.7528,118,2025-05-19 09:55:00+05:30,1449.0475999999996,CROSS_UP,-496.1363999999609
LONG,2025-05-21 10:55:00+05:30,1433.6321999999998,119,2025-05-21 11:15:00+05:30,1430.0685,CROSS_DOWN,-531.2902999999642
SHORT,2025-05-21 11:45:00+05:30,1424.574,119,2025-05-21 12:05:00+05:30,1423.6221999999998,CROSS_UP,6.324200000032818
LONG,2025-05-21 15:05:00+05:30,1430.1287,118,2025-05-21 15:25:00+05:30,1426.7718,CROSS_DOWN,-502.6841999999995
SHORT,2025-05-22 09:25:00+05:30,1409.589,120,2025-05-22 09:45:00+05:30,1409.8084,CROSS_UP,-133.14799999999406
LONG,2025-05-23 09:15:00+05:30,1418.5170999999998,119,2025-05-23 09:35:00+05:30,1417.7808,CROSS_DOWN,-194.28969999997634
SHORT,2025-05-26 15:15:00+05:30,1433.3652,118,2025-05-26 15:25:00+05:30,1437.3359,EOD,-575.3826000000093
LONG,2025-05-27 12:15:00+05:30,1427.426,118,2025-05-27 12:35:00+05:30,1421.0775,CROSS_DOWN,-855.4729999999801
LONG,2025-05-29 14:35:00+05:30,1417.0155999999997,118,2025-05-29 14:55:00+05:30,1415.6829,CROSS_DOWN,-263.33859999996514
SHORT,2025-05-30 11:45:00+05:30,1413.3852,118,2025-05-30 12:05:00+05:30,1414.1127,CROSS_UP,-191.83499999999572
LONG,2025-05-30 15:15:00+05:30,1420.2187999999999,117,2025-05-30 15:25:00+05:30,1416.0825,EOD,-589.5670999999874
SHORT,2025-06-02 09:25:00+05:30,1396.3023,119,2025-06-02 09:45:00+05:30,1402.0005999999998,CROSS_UP,-783.907699999975
LONG,2025-06-02 12:35:00+05:30,1417.0155999999997,117,2025-06-02 12:55:00+05:30,1412.0865,CROSS_DOWN,-682.1746999999807
SHORT,2025-06-03 13:15:00+05:30,1408.0905,117,2025-06-03 13:35:00+05:30,1410.3089,CROSS_UP,-364.83279999999695
LONG,2025-06-04 11:55:00+05:30,1413.9125,116,2025-06-04 12:15:00+05:30,1409.0895,CROSS_DOWN,-664.3079999999844
SHORT,2025-06-06 09:35:00+05:30,1437.3612,114,2025-06-06 09:55:00+05:30,1439.6381999999999,CROSS_UP,-364.5479999999791
LONG,2025-06-06 10:25:00+05:30,1447.7462999999998,113,2025-06-06 10:45:00+05:30,1448.0505,CROSS_DOWN,-70.49539999997012
SHORT,2025-06-06 13:35:00+05:30,1441.9566,113,2025-06-06 13:55:00+05:30,1445.6442,CROSS_UP,-521.3587999999971
LONG,2025-06-09 09:25:00+05:30,1451.8504,112,2025-06-09 09:45:00+05:30,1446.7518,CROSS_DOWN,-675.3932000000037
SHORT,2025-06-09 13:55:00+05:30,1445.553,112,2025-06-09 14:15:00+05:30,1447.6462,CROSS_UP,-338.7183999999773
LONG,2025-06-10 09:25:00+05:30,1450.9495,111,2025-06-10 09:45:00+05:30,1450.548,CROSS_DOWN,-148.52649999999355
SHORT,2025-06-10 11:05:00+05:30,1444.7538,112,2025-06-10 11:25:00+05:30,1448.447,CROSS_UP,-517.8883999999925
LONG,2025-06-11 09:35:00+05:30,1462.4609999999998,110,2025-06-11 09:55:00+05:30,1457.9406000000001,CROSS_DOWN,-600.9939999999619
SHORT,2025-06-11 14:05:00+05:30,1450.4481,111,2025-06-11 14:25:00+05:30,1451.7502999999997,CROSS_UP,-248.4941999999589
LONG,2025-06-13 12:45:00+05:30,1431.3299,112,2025-06-13 13:05:00+05:30,1428.3701999999998,CROSS_DOWN,-435.0964000000125
SHORT,2025-06-13 13:25:00+05:30,1428.0705,112,2025-06-13 13:45:00+05:30,1431.0295999999998,CROSS_UP,-435.0091999999784
LONG,2025-06-16 10:25:00+05:30,1436.8354,111,2025-06-16 10:45:00+05:30,1434.7638,CROSS_DOWN,-333.2875999999988
SHORT,2025-06-17 09:45:00+05:30,1432.1663999999998,111,2025-06-17 10:05:00+05:30,1431.2297999999998,CROSS_UP,0.7425999999998396
LONG,2025-06-17 13:25:00+05:30,1435.2337999999997,111,2025-06-17 13:45:00+05:30,1430.6679,CROSS_DOWN,-610.0148999999809
SHORT,2025-06-17 14:05:00+05:30,1428.6698999999999,111,2025-06-17 14:25:00+05:30,1434.8334,CROSS_UP,-787.2885000000125
LONG,2025-06-17 14:35:00+05:30,1434.4329999999998,110,2025-06-17 14:55:00+05:30,1429.569,CROSS_DOWN,-637.6999999999786
LONG,2025-06-18 09:35:00+05:30,1442.9415,109,2025-06-18 09:55:00+05:30,1436.3622,CROSS_DOWN,-819.5736999999864
SHORT,2025-06-18 11:15:00+05:30,1429.8687,109,2025-06-18 11:35:00+05:30,1433.3319,CROSS_UP,-479.64879999999073
LONG,2025-06-19 09:45:00+05:30,1434.4329999999998,108,2025-06-19 10:05:00+05:30,1429.2693000000002,CROSS_DOWN,-659.3195999999576
SHORT,2025-06-20 09:15:00+05:30,1434.1644,108,2025-06-20 09:35:00+05:30,1442.1407,CROSS_UP,-963.280400000004
SHORT,2025-06-23 09:55:00+05:30,1440.6579,107,2025-06-23 10:15:00+05:30,1448.5470999999998,CROSS_UP,-945.7243999999836
LONG,2025-06-23 11:45:00+05:30,1454.3528999999999,105,2025-06-23 12:05:00+05:30,1452.3462,CROSS_DOWN,-311.66349999999056
SHORT,2025-06-24 13:15:00+05:30,1454.8437,105,2025-06-24 13:35:00+05:30,1452.8514,CROSS_UP,108.1714999999881
LONG,2025-06-25 09:45:00+05:30,1467.6662,104,2025-06-25 10:05:00+05:30,1464.9336,CROSS_DOWN,-385.11039999998127
SHORT,2025-06-30 11:25:00+05:30,1513.485,101,2025-06-30 11:45:00+05:30,1515.2136999999998,CROSS_UP,-275.6886999999889
LONG,2025-07-01 09:45:00+05:30,1516.0144999999998,100,2025-07-01 10:05:00+05:30,1511.487,CROSS_DOWN,-553.2499999999691
SHORT,2025-07-02 09:55:00+05:30,1518.1803,100,2025-07-02 10:15:00+05:30,1525.2236999999998,CROSS_UP,-805.0899999999792
LONG,2025-07-03 09:15:00+05:30,1517.3157999999999,99,2025-07-03 09:35:00+05:30,1519.1793,CROSS_DOWN,84.28650000001565
LONG,2025-07-03 09:45:00+05:30,1524.8232999999998,99,2025-07-03 10:05:00+05:30,1522.3761000000002,CROSS_DOWN,-342.61279999996157
SHORT,2025-07-03 14:35:00+05:30,1513.1853,99,2025-07-03 14:55:00+05:30,1516.5149999999999,CROSS_UP,-429.6602999999778
LONG,2025-07-04 10:55:00+05:30,1527.3257999999998,98,2025-07-04 11:15:00+05:30,1522.3761000000002,CROSS_DOWN,-584.8805999999672
SHORT,2025-07-04 11:55:00+05:30,1518.8796,98,2025-07-04 12:15:00+05:30,1524.3227999999997,CROSS_UP,-633.1235999999712
LONG,2025-07-04 14:45:00+05:30,1525.8242999999998,98,2025-07-04 15:05:00+05:30,1525.9725,CROSS_DOWN,-85.3763999999691
SHORT,2025-07-08 09:55:00+05:30,1535.5629,97,2025-07-08 10:15:00+05:30,1536.9353999999998,CROSS_UP,-232.8324999999947
LONG,2025-07-08 11:35:00+05:30,1541.7402,96,2025-07-08 11:55:00+05:30,1539.3591000000001,CROSS_DOWN,-327.8855999999839
SHORT,2025-07-08 12:45:00+05:30,1531.9665,97,2025-07-08 13:05:00+05:30,1534.7332,CROSS_UP,-367.95989999999034
LONG,2025-07-09 09:15:00+05:30,1537.1355999999998,96,2025-07-09 09:35:00+05:30,1533.5648999999999,CROSS_DOWN,-441.89719999999886
SHORT,2025-07-09 14:35:00+05:30,1512.5858999999998,97,2025-07-09 14:55:00+05:30,1519.1175999999998,CROSS_UP,-732.5349000000001
LONG,2025-07-10 14:45:00+05:30,1521.1195999999998,96,2025-07-10 15:05:00+05:30,1516.2821999999999,CROSS_DOWN,-562.9203999999893
SHORT,2025-07-11 09:25:00+05:30,1503.8946,97,2025-07-11 09:45:00+05:30,1505.6040999999998,CROSS_UP,-264.4414999999716
LONG,2025-07-14 10:25:00+05:30,1494.3928999999998,98,2025-07-14 10:45:00+05:30,1494.1044,CROSS_DOWN,-127.08299999998877
LONG,2025-07-15 09:35:00+05:30,1491.0895999999998,98,2025-07-15 09:55:00+05:30,1487.6109,CROSS_DOWN,-439.52259999998915
SHORT,2025-07-15 13:35:00+05:30,1486.512,98,2025-07-15 13:55:00+05:30,1489.2877999999998,CROSS_UP,-370.5983999999892
LONG,2025-07-16 14:15:00+05:30,1488.5870999999997,97,2025-07-16 14:35:00+05:30,1484.8137,CROSS_DOWN,-463.9997999999816
SHORT,2025-07-17 10:15:00+05:30,1478.52,98,2025-07-17 10:35:00+05:30,1482.3808999999999,CROSS_UP,-476.65819999999036
LONG,2025-07-17 11:45:00+05:30,1484.0825999999997,97,2025-07-17 12:05:00+05:30,1481.3172,CROSS_DOWN,-366.1037999999779
SHORT,2025-07-17 13:35:00+05:30,1478.9196000000002,97,2025-07-17 13:55:00+05:30,1481.5800999999997,CROSS_UP,-355.8484999999516
LONG,2025-07-18 14:55:00+05:30,1476.6752,97,2025-07-18 15:15:00+05:30,1477.9206000000001,CROSS_DOWN,23.083800000023786
SHORT,2025-07-21 09:25:00+05:30,1437.2613000000001,100,2025-07-21 09:45:00+05:30,1449.3479,CROSS_UP,-1306.5999999999863
