total_return,cagr,volatility,sharpe,max_drawdown,win_rate,profit_factor,trades,exposure,split,strategy,fast,slow,token,interval,period,overbought,oversold
-99.88892465499578,-93.04687397279389,27.05708388873191,-6.593660920573974,-99.88892465499578,0.47374654559810503,0.0015188976277355586,2533,7.132438431455449,all,EMA_CROSS,8.0,20.0,RELIANCE,minute,,,
-99.88892465499578,-97.77417326683154,31.116179544819012,-8.183216856955633,-99.88892465499578,0.47374654559810503,0.0015188976277355586,2533,10.189228529839884,train,EMA_CROSS,8.0,20.0,RELIANCE,minute,,,
-99.85918012499583,-99.9814986873369,35.72048718842441,-16.215034432314322,-99.85918012499583,0.7664380798709157,0.0037443130814113004,2479,32.09786070633333,test,EMA_CROSS,8.0,20.0,RELIANCE,minute,,,
-99.88897424499568,-93.04809069045821,26.725255998696078,-6.681186036968077,-99.88897424499568,0.39370078740157477,0.0007804121164201236,2540,7.299439805517387,all,EMA_CROSS,8.0,21.0,RELIANCE,minute,,,
-99.88897424499568,-97.77472915516735,30.70183392662413,-8.300683440749134,-99.88897424499568,0.39370078740157477,0.0007804121164201236,2540,10.4278026418308,train,EMA_CROSS,8.0,21.0,RELIANCE,minute,,,
-99.85922611999582,-99.98150659800757,33.94105009060654,-17.0849940143197,-99.85922611999582,0.7188498402555911,0.003627344315488889,2504,30.67730206601088,test,EMA_CROSS,8.0,21.0,RELIANCE,minute,,,
-99.8890059649959,-93.04886913125193,26.32231673396086,-6.78902924523997,-99.8890059649959,0.39261876717707106,0.0004951056589238539,2547,7.305358841560089,all,EMA_CROSS,9.0,20.0,RELIANCE,minute,,,
-99.8890059649959,-97.77508478379076,30.19857787153593,-8.445940738101664,-99.8890059649959,0.39261876717707106,0.0004951056589238539,2547,10.436258433141871,train,EMA_CROSS,9.0,20.0,RELIANCE,minute,,,
-99.85897030499602,-99.98146259030717,33.55756838329669,-17.279350150193594,-99.85897030499602,0.6377042646472698,0.0036872121601098135,2509,37.75050029594972,test,EMA_CROSS,9.0,20.0,RELIANCE,minute,,,
-99.88896882999568,-93.04795781441261,25.94191012606589,-6.894091188967475,-99.88896882999568,0.432050274941084,0.0005690469304249159,2546,9.87506606067012,all,EMA_CROSS,9.0,21.0,RELIANCE,minute,,,
-99.88896882999568,-97.77466844939634,29.722734776230723,-8.588017859019432,-99.88896882999568,0.432050274941084,0.0005690469304249159,2546,14.107279832333738,train,EMA_CROSS,9.0,21.0,RELIANCE,minute,,,
-99.85903317499594,-99.98147340808438,32.69576546647947,-17.744999641883222,-99.85903317499594,0.5988023952095809,0.0037287068222001027,2505,39.23024887961893,test,EMA_CROSS,9.0,21.0,RELIANCE,minute,,,
-99.88444057499557,-92.93819133323244,17.174209969086636,-10.491258420744458,-99.88444057499557,0.3988831272437176,0.0009151067732928922,2507,5.590952330620442,all,SMA_CROSS,20.0,50.0,RELIANCE,minute,,,
-99.86627813999554,-97.53074613380132,18.610431903887893,-13.51749538854115,-99.86627813999554,0.3665987780040733,0.000904116878926355,2455,7.924284428660301,train,SMA_CROSS,20.0,50.0,RELIANCE,minute,,,
-98.60569444999575,-99.6278610107955,18.76335934775702,-20.31663178481575,-98.60569444999575,0.5124919923126201,0.003525401295032126,1561,13.406522168043066,test,SMA_CROSS,20.0,50.0,RELIANCE,minute,,,
-99.53177928999592,-87.78055172722367,9.48261567837029,-15.180806506969505,-99.53177928999592,1.0090817356205852,0.004848300307043775,1982,3.0288553007081704,all,SMA_CROSS,20.0,200.0,RELIANCE,minute,,,
-97.54813879499599,-87.4345452760213,9.427723983612777,-15.057043149352705,-97.54813879499599,1.0050251256281406,0.004849482065551974,1393,2.3307784763872026,train,SMA_CROSS,20.0,200.0,RELIANCE,minute,,,
-75.88536805499683,-84.4647227960253,8.443512735597897,-15.134114390364024,-75.88536805499683,2.2071307300509337,0.01009441433789534,589,9.164576228191326,test,SMA_CROSS,20.0,200.0,RELIANCE,minute,,,
-97.85451697499563,-77.8115935827059,6.926021222145937,-14.907866905195815,-97.85451697499563,0.5598320503848845,0.0009536006974764045,1429,3.9091005179156535,all,SMA_CROSS,50.0,200.0,RELIANCE,minute,,,
-92.11862770999586,-75.85519964539867,6.6475712354129035,-14.650781615632848,-92.11862770999586,0.4056795131845842,0.0006726549023288119,986,4.407279228348644,train,SMA_CROSS,50.0,200.0,RELIANCE,minute,,,
-65.44423040999683,-75.11951065755265,6.312111241509431,-15.14454796819385,-65.44423040999683,1.580135440180587,0.009719448191436662,443,5.7512894951943405,test,SMA_CROSS,50.0,200.0,RELIANCE,minute,,,
-99.88905268499585,-93.0500159335699,29.520283301297496,-6.020963801343495,-99.88905268499585,0.27184466019417475,0.0009403330976883508,2575,6.46781524151781,all,RSI,,,RELIANCE,minute,14.0,70.0,30.0
-99.88905268499585,-97.77560866640613,34.172889378477414,-7.423480423249334,-99.88905268499585,0.27184466019417475,0.0009403330976883508,2575,9.239763962625403,train,RSI,,,RELIANCE,minute,14.0,70.0,30.0
-99.88555340999541,-99.98589737437739,45.687854820276044,-12.987973389171584,-99.88555340999541,0.4715127701375246,0.001678524661986164,2545,47.24062121254827,test,RSI,,,RELIANCE,minute,14.0,70.0,30.0
-99.88892412999573,-93.04686109339923,24.40148014399942,-7.360101714778148,-99.88892412999573,0.3441682600382409,0.0014929574403821592,2615,7.704893774442448,all,RSI,,,RELIANCE,minute,14.0,70.0,20.0
-99.88892412999573,-97.77416738233102,27.785836841374778,-9.225273206407136,-99.88892412999573,0.3441682600382409,0.0014929574403821592,2615,11.007024346639124,train,RSI,,,RELIANCE,minute,14.0,70.0,20.0
-99.85925871679561,-99.98151220384075,33.98076223075849,-17.075133131606353,-99.85925871679561,0.4051863857374392,0.002806576488129188,2468,22.823360297640857,test,RSI,,,RELIANCE,minute,14.0,70.0,20.0
-99.88901672999572,-93.0491333459491,24.5414602105677,-7.31861859545792,-99.88901672999572,0.6158583525789069,0.0015906602482049616,2598,8.890814924426593,all,RSI,,,RELIANCE,minute,14.0,80.0,30.0
-99.88901672999572,-97.77520548571053,27.961129972071685,-9.168061696267412,-99.88901672999572,0.6158583525789069,0.0015906602482049616,2598,12.701202534321453,train,RSI,,,RELIANCE,minute,14.0,80.0,30.0
-99.85898048959572,-99.98146434282974,32.96437974561412,-17.600520667215243,-99.85898048959572,0.645682001614205,0.0036623302193456745,2478,65.72056709602863,test,RSI,,,RELIANCE,minute,14.0,80.0,30.0
-99.88574126499563,-92.96944863066906,16.94472009673528,-10.675115049538167,-99.88574126499563,0.5401234567901234,0.003966717856845475,2592,7.512525103054646,all,RSI,,,RELIANCE,minute,14.0,80.0,20.0
-99.86574416999562,-97.52523582797178,18.301338786269454,-13.768943025979691,-99.86574416999562,0.550098231827112,0.003967509000199194,2545,10.67362457494549,train,RSI,,,RELIANCE,minute,14.0,80.0,20.0
-98.53370894811593,-99.6025102936167,20.307743259416565,-18.535720815721284,-98.53370894811593,1.160541586073501,0.009349977953760932,1551,27.716395614307054,test,RSI,,,RELIANCE,minute,14.0,80.0,20.0
-99.88624773999591,-92.98167841013544,21.227525172500254,-8.464130165404399,-99.88624773999591,0.3898635477582846,0.0011256216610506622,2565,4.496353451009407,all,RSI,,,RELIANCE,minute,21.0,70.0,30.0
-99.87979203499592,-97.6735941623466,23.777423651357786,-10.696272022229675,-99.87979203499592,0.3918495297805642,0.0011256943334218737,2552,6.407677858510452,train,RSI,,,RELIANCE,minute,21.0,70.0,30.0
-99.80955578476085,-99.97253144690006,27.70343687593974,-20.052688121575503,-99.80955578476085,0.7528230865746549,0.002406694416128924,2391,31.5736069224048,test,RSI,,,RELIANCE,minute,21.0,70.0,30.0
-99.88577811999536,-92.97033744960245,16.069969851289866,-11.243448024657214,-99.88577811999536,0.7748934521503293,0.002981722954898388,2581,4.4993129690307585,all,RSI,,,RELIANCE,minute,21.0,70.0,20.0
-99.86594598999538,-97.5273173731122,17.159537887669682,-14.670544846536002,-99.86594598999538,0.7886435331230284,0.002982313321923021,2536,6.371438752891578,train,RSI,,,RELIANCE,minute,21.0,70.0,20.0
-98.31724991300979,-99.52399478691444,20.653951363635198,-17.62808830273353,-98.31724991300979,0.6028131279303416,0.0034589533333206847,1493,19.424166408297864,test,RSI,,,RELIANCE,minute,21.0,70.0,20.0
-99.88604583999587,-92.97679919857814,16.28271308801552,-11.119407605178218,-99.88604583999587,0.7722007722007722,0.002579658432228939,2590,5.7279357361801075,all,RSI,,,RELIANCE,minute,21.0,80.0,30.0
-99.86575674499588,-97.52536548458549,17.403291454312175,-14.487666654338707,-99.86575674499588,0.7483261126427727,0.0025787532412610095,2539,8.11937161390857,train,RSI,,,RELIANCE,minute,21.0,80.0,30.0
-97.98285551540454,-99.39651876554854,19.1088822687817,-18.225414065427596,-97.98285551540454,1.10573600552868,0.0031786768605950723,1447,16.729614701654498,test,RSI,,,RELIANCE,minute,21.0,80.0,30.0
-98.78685303755587,-82.25453793908531,9.438211968005623,-12.556389916161352,-98.78685303755587,1.647345942647956,0.014637998872620147,1639,3.215304936053271,all,RSI,,,RELIANCE,minute,21.0,80.0,20.0
-93.39503253499544,-78.12718415156299,8.302470958862806,-12.553704988237376,-93.39503253499544,2.1957913998170175,0.015441310989672384,1093,2.633978993398443,train,RSI,,,RELIANCE,minute,21.0,80.0,20.0
-75.49245296852718,-84.13251377047116,9.743815454124368,-12.953092503488982,-75.49245296852718,1.465201465201465,0.0020869440089469975,546,4.571718481355168,test,RSI,,,RELIANCE,minute,21.0,80.0,20.0
-99.8854445350316,-92.96229884365488,12.946844877474437,-14.008483618221867,-99.8854445350316,2.3552123552123554,0.008790463774991136,2590,13.980267329495016,all,EMA_CROSS,8.0,20.0,RELIANCE,3minute,,,
-99.7705130849958,-96.65987762729806,13.28658001070257,-17.477790537216638,-99.7705130849958,2.308362369337979,0.008786430005229474,2296,18.263673750384985,train,EMA_CROSS,8.0,20.0,RELIANCE,3minute,,,
-91.60731627229899,-96.0984623718245,13.329302112667552,-16.638064312972904,-91.60731627229899,4.12573673870334,0.03490646173534329,1018,40.7744008115991,test,EMA_CROSS,8.0,20.0,RELIANCE,3minute,,,
-99.88538802003136,-92.96093837693401,12.736545876285044,-14.242271709584001,-99.88538802003136,2.3041474654377883,0.0118316065858877,2604,14.912369695893677,all,EMA_CROSS,8.0,21.0,RELIANCE,3minute,,,
-99.74655847499557,-96.46913512595697,13.129678491778343,-17.401005085162524,-99.74655847499557,2.1438142027690934,0.011822345984297494,2239,18.69304491186115,train,EMA_CROSS,8.0,21.0,RELIANCE,3minute,,,
-91.01214516772842,-95.73234301651513,13.285173479929663,-16.23302539704228,-91.01214516772842,4.317269076305221,0.039183975878433835,996,39.08356934522551,test,EMA_CROSS,8.0,21.0,RELIANCE,3minute,,,
-99.88561448503135,-92.96639245400067,12.426624998881262,-14.604942218245776,-99.88561448503135,2.3166023166023164,0.011244391124972719,2590,13.97899916301012,all,EMA_CROSS,9.0,20.0,RELIANCE,3minute,,,
-99.72569983999557,-96.30942937809084,12.837953363768225,-17.563836720081035,-99.72569983999557,2.203856749311295,0.011240701227928206,2178,17.182093229704513,train,EMA_CROSS,9.0,20.0,RELIANCE,3minute,,,
-90.54509758812237,-95.43971598312179,13.021544284682498,-16.21596435434306,-90.54509758812237,3.608247422680412,0.03625612461971512,970,40.37705541700131,test,EMA_CROSS,9.0,20.0,RELIANCE,3minute,,,
-99.88516865003135,-92.95566141764974,12.424600683246885,-14.59892645644613,-99.88516865003135,2.1806853582554515,0.015356236786082585,2568,11.785071144139803,all,EMA_CROSS,9.0,21.0,RELIANCE,3minute,,,
-99.68140560499556,-95.98710802264875,12.708703601530805,-17.29323198569827,-99.68140560499556,2.215935879302216,0.0153640280411059,2121,13.286954001123249,train,EMA_CROSS,9.0,21.0,RELIANCE,3minute,,,
-90.39226406812249,-95.34297305561823,13.105193552662667,-16.002021697203595,-90.39226406812249,3.5676810073452256,0.03486676857928896,953,40.216426427695815,test,EMA_CROSS,9.0,21.0,RELIANCE,3minute,,,
-99.14541830142356,-84.53122201140528,8.245264679621112,-15.506159034611262,-99.14541830142356,2.5316455696202533,0.014007770207052081,1738,12.093235599969564,all,SMA_CROSS,20.0,50.0,RELIANCE,3minute,,,
-96.03596774142366,-83.56082773552231,8.125146660538745,-15.209769029913595,-96.03596774142366,2.7027027027027026,0.014214722686772345,1221,14.125767704766565,train,SMA_CROSS,20.0,50.0,RELIANCE,3minute,,,
-71.72700869999667,-80.86762241414978,7.753044456527861,-14.644822470115098,-71.72700869999667,5.029013539651837,0.030544958195476965,517,14.87508982542165,test,SMA_CROSS,20.0,50.0,RELIANCE,3minute,,,
-77.35976934499635,-44.13004034920738,4.438827718233662,-9.01891068567607,-77.35976934499635,5.741626794258373,0.02995343656529537,627,3.3822000152179976,all,SMA_CROSS,20.0,200.0,RELIANCE,3minute,,,
-66.25461254999684,-45.53584813662144,4.5399608181466675,-9.20366279641067,-66.25461254999684,5.376344086021505,0.028992917648733036,465,3.6052684022682393,train,SMA_CROSS,20.0,200.0,RELIANCE,3minute,,,
-33.06063232999854,-40.87204556555184,4.254425497628883,-8.494026062472116,-33.06063232999854,6.790123456790123,0.03802348698687283,162,13.69150779896014,test,SMA_CROSS,20.0,200.0,RELIANCE,3minute,,,
-65.40531257499696,-34.03126080516109,3.105856250540566,-9.22000140715563,-65.40531257499696,5.099778270509978,0.02911350105558453,451,4.158317903974433,all,SMA_CROSS,50.0,200.0,RELIANCE,3minute,,,
-53.99903343499746,-35.23034799497336,3.174622310225592,-9.417809052341331,-53.99903343499746,5.182926829268292,0.029027522946924855,328,4.8535246480787,train,SMA_CROSS,50.0,200.0,RELIANCE,3minute,,,
-23.786093934998963,-29.92448395768862,2.941829928919274,-8.320945692542839,-23.786093934998963,5.691056910569105,0.050130300744655236,123,4.041087204632878,test,SMA_CROSS,50.0,200.0,RELIANCE,3minute,,,
-99.88397853999557,-92.92713954352298,15.913653359243682,-11.337982925837512,-99.88397853999557,1.823226317875545,0.01829442922312439,2523,18.969234281076417,all,RSI,,,RELIANCE,3minute,14.0,70.0,30.0
-99.86583216499557,-97.52614322726463,16.925945955056548,-14.88534079241634,-99.86583216499557,1.7806556050182114,0.01827815276272613,2471,26.26048517129554,train,RSI,,,RELIANCE,3minute,14.0,70.0,30.0
-97.63989072517593,-99.25879098215292,17.509717498370872,-19.09109069625074,-97.63989072517593,3.6454610436025736,0.024249895981417607,1399,82.18709050175423,test,RSI,,,RELIANCE,3minute,14.0,70.0,30.0
-99.88397591507795,-92.92707683251716,12.722723756816045,-14.227234910714426,-99.88418242007795,2.506748939452372,0.022092600498572233,2593,20.30461358967205,all,RSI,,,RELIANCE,3minute,14.0,70.0,20.0
-99.73263170499537,-96.36189026959354,12.938315941626385,-17.49547891205182,-99.73263170499537,2.451202905129369,0.02208198941737911,2203,24.979618457524865,train,RSI,,,RELIANCE,3minute,14.0,70.0,20.0
-92.075976551145,-96.38118752638972,13.264567767786922,-17.1183620300133,-92.075976551145,4.221105527638191,0.032620265284153335,995,54.913978949148245,test,RSI,,,RELIANCE,3minute,14.0,70.0,20.0
-99.8831818649956,-92.90814591555126,12.798089254996473,-14.130164067520617,-99.8839933649956,2.1151586368977675,0.010210258843497192,2553,16.17165901539554,all,RSI,,,RELIANCE,3minute,14.0,80.0,30.0
-99.7476585499956,-96.47771574594857,13.040249826172978,-17.52979451218118,-99.7476585499956,2.083333333333333,0.010200624201668037,2208,17.930322300125006,train,RSI,,,RELIANCE,3minute,14.0,80.0,30.0
-91.85273093999564,-96.24713829237984,13.207107969915544,-16.98241918401021,-91.85273093999564,3.6809815950920246,0.020372661732832385,978,49.36805173944287,test,RSI,,,RELIANCE,3minute,14.0,80.0,30.0
-99.13339255499552,-84.4462764771018,9.06813684761457,-14.062107803925663,-99.13339255499552,2.9243119266055047,0.01510479264299032,1744,10.677961802825475,all,RSI,,,RELIANCE,3minute,14.0,80.0,20.0
-95.22309725499566,-81.75298770250046,8.26418176580331,-14.105105945383956,-95.22309725499566,3.0716723549488054,0.015141275767293355,1172,9.466094171784698,train,RSI,,,RELIANCE,3minute,14.0,80.0,20.0
-75.78590762499678,-84.3807862209533,9.16030795243768,-13.902597520104997,-75.78590762499678,4.195804195804196,0.02865621450429358,572,22.07803187217314,test,RSI,,,RELIANCE,3minute,14.0,80.0,20.0
-99.85942261016102,-92.37446141525491,11.645387705800315,-15.12257196871271,-99.85942261016102,2.5745811197384554,0.024707838154532896,2447,18.32627387323408,all,RSI,,,RELIANCE,3minute,21.0,70.0,30.0
-99.26185234999585,-93.57957109541198,11.539165980263956,-16.278372149499077,-99.26185234999585,2.6637069922308543,0.024785771419836046,1802,18.584343351993766,train,RSI,,,RELIANCE,3minute,21.0,70.0,30.0
-87.00223740574033,-93.08280323156544,13.899638386475063,-13.12734105034482,-87.00223740574033,4.9504950495049505,0.03957909362186219,808,39.28224204252441,test,RSI,,,RELIANCE,3minute,21.0,70.0,30.0
-98.55495421327377,-80.99538037396007,9.132054360907848,-12.454151451903744,-98.55495421327377,3.1148604802076574,0.016675318777074524,1541,13.842037182641336,all,RSI,,,RELIANCE,3minute,21.0,70.0,20.0
-93.60689874999595,-78.52244082630338,8.459256017510361,-12.450829588868716,-93.60689874999595,3.0505243088655862,0.016205608556096453,1049,11.254234831603167,train,RSI,,,RELIANCE,3minute,21.0,70.0,20.0
-68.57858411627453,-78.0316101109873,11.171408579139104,-9.285426024251839,-68.58004393627455,6.300813008130081,0.07710448827239001,492,29.95730650547407,test,RSI,,,RELIANCE,3minute,21.0,70.0,20.0
-98.97449853999555,-83.38548620502358,9.142198369398024,-13.45864258894104,-98.97449853999555,3.331350386674598,0.030806569253308727,1681,12.0818221016055,all,RSI,,,RELIANCE,3minute,21.0,80.0,30.0
-94.9918911549957,-81.26414274379002,8.576769123224876,-13.386274363630152,-94.9918911549957,3.8527397260273974,0.03129584698178964,1168,9.51138648839611,train,RSI,,,RELIANCE,3minute,21.0,80.0,30.0
-73.55510783499689,-82.47069615994516,8.9029046550659,-13.39558512975079,-73.55510783499689,3.898635477582846,0.031039244834248424,513,19.584055459272097,test,RSI,,,RELIANCE,3minute,21.0,80.0,30.0
-77.595857699996,-44.35908961451395,5.237572743915629,-7.676638703017142,-77.595857699996,5.573770491803279,0.035674166251066855,610,4.148172572095265,all,RSI,,,RELIANCE,3minute,21.0,80.0,20.0
-63.01418944999669,-42.669711485804044,5.1299294342603465,-7.431283787959099,-63.01418944999669,5.569007263922518,0.027645460330279238,413,2.174031197347682,train,RSI,,,RELIANCE,3minute,21.0,80.0,20.0
-38.65351947499806,-47.25430844374122,5.437070252802852,-8.083040592708832,-38.65351947499806,6.091370558375635,0.07243835315250534,197,10.259119922221753,test,RSI,,,RELIANCE,3minute,21.0,80.0,20.0
-99.68513807499566,-89.54039141442817,23.995061811801616,-6.302772973778147,-99.68513807499566,0.4098360655737705,0.0018429468776652328,2196,9.731157796846599,all,EMA_CROSS,8.0,20.0,TCS,minute,,,
-99.66785549999567,-95.89252091403398,27.692954549212313,-7.720615059085677,-99.66785549999567,0.4132231404958678,0.0018432658587234478,2178,13.879914733784624,train,EMA_CROSS,8.0,20.0,TCS,minute,,,
-99.68542978999567,-99.94701382776225,35.41578343998156,-14.362282485988768,-99.68542978999567,0.7562277580071174,0.0031982404306619278,2248,28.224204252441137,test,EMA_CROSS,8.0,20.0,TCS,minute,,,
-99.68574946999573,-89.54835572305375,23.698058228435194,-6.386498547331413,-99.68574946999573,0.4120879120879121,0.0018916893397322924,2184,7.1560214735596235,all,EMA_CROSS,8.0,21.0,TCS,minute,,,
-99.66844408999573,-95.89659385295013,27.325585796293474,-7.830016409244785,-99.66844408999573,0.41551246537396125,0.0018920171713276183,2166,10.201148557660373,train,EMA_CROSS,8.0,21.0,TCS,minute,,,
-99.68502403999571,-99.94692433744316,34.92074396537199,-14.567769059479106,-99.68502403999571,0.8504923903312444,0.002590709149084932,2234,35.23833678544758,test,EMA_CROSS,8.0,21.0,TCS,minute,,,
-99.68545012499567,-89.54445514310537,23.412235218146744,-6.466427716900051,-99.68545012499567,0.3656307129798903,0.0019258948112239897,2188,3.9764129010440885,all,EMA_CROSS,9.0,20.0,TCS,minute,,,
-99.66795310999566,-95.89319613788605,26.975691096997252,-7.933209018899791,-99.66795310999566,0.3686635944700461,0.0019262322567148629,2170,5.6588505969238945,train,EMA_CROSS,9.0,20.0,TCS,minute,,,
-99.68541905431975,-99.94701146041122,33.90553875890032,-15.017930008710415,-99.68541905431975,0.8512544802867384,0.0040062195433448215,2232,42.28910400022544,test,EMA_CROSS,9.0,20.0,TCS,minute,,,
-99.68518836499588,-89.54104615963581,22.95116690162048,-6.604367666871989,-99.68518836499588,0.3193430656934307,0.0013441895333504497,2192,6.5464767299319435,all,EMA_CROSS,9.0,21.0,TCS,minute,,,
-99.66846532999588,-95.89674088953933,26.40322697396676,-8.118606745080555,-99.66846532999588,0.3219871205151794,0.001344414767154692,2174,9.330370352477974,train,EMA_CROSS,9.0,21.0,TCS,minute,,,
-99.68552652931972,-99.94703515886847,33.059799486820104,-15.411950977504874,-99.68552652931972,0.9391771019677997,0.004945739725775466,2236,40.06284256950022,test,EMA_CROSS,9.0,21.0,TCS,minute,,,
-99.6851870249957,-89.54102871282402,15.900615214694453,-9.663036594383776,-99.6851870249957,0.49594229035166815,0.0032837645897326787,2218,7.011878091051274,all,SMA_CROSS,20.0,50.0,TCS,minute,,,
-99.63455942499571,-95.6670640227822,17.51947970875711,-12.190698696712289,-99.63455942499571,0.46125461254612543,0.0032577174720370126,2168,9.95658186341705,train,SMA_CROSS,20.0,50.0,TCS,minute,,,
-98.63249280499589,-99.63719663739977,18.822908087462825,-20.34342125316892,-98.63249280499589,0.6211180124223602,0.0033341184016803783,1610,16.63355455045018,test,SMA_CROSS,20.0,50.0,TCS,minute,,,
-99.41661733999558,-86.68077054587812,9.605523395650406,-14.381145572918737,-99.41661733999558,1.105527638190955,0.005538367374978337,1990,8.034408420340702,all,SMA_CROSS,20.0,200.0,TCS,minute,,,
-97.11534136499566,-86.23846415348318,9.479188598172536,-14.333063473665389,-97.11534136499566,1.2490815576781777,0.005616733632855763,1361,8.33700686598349,train,SMA_CROSS,20.0,200.0,TCS,minute,,,
-78.54666387999647,-86.66990345590027,9.61114051777913,-14.377557790510195,-78.54666387999647,1.4308426073131957,0.009942476690756007,629,13.863408998041454,test,SMA_CROSS,20.0,200.0,TCS,minute,,,
-97.87441041376567,-77.89244990083381,7.0533346971850275,-14.679446512239275,-97.87441041376567,0.7612456747404844,0.013083098574360673,1445,4.239337194065182,all,SMA_CROSS,50.0,200.0,TCS,minute,,,
-92.1716657899959,-75.94621866611793,6.666910350284132,-14.656694481910604,-92.1716657899959,0.8,0.013758098517658785,1000,4.23311734974245,train,SMA_CROSS,50.0,200.0,TCS,minute,,,
-66.60339193461692,-76.20641898402725,6.863532612654195,-14.36969858017419,-66.60339193461692,1.1235955056179776,0.004677218730854819,445,5.755872116780093,test,SMA_CROSS,50.0,200.0,TCS,minute,,,
-99.68893448999562,-89.58999840145813,27.601896864414538,-5.436169392154367,-99.68893448999562,0.4,0.002241442616693895,2250,6.333009257302279,all,RSI,,,TCS,minute,14.0,70.0,30.0
-99.68425553999562,-96.00722627000326,32.1470799125653,-6.6440340435125815,-99.68425553999562,0.4001778568252557,0.0022415475890330554,2249,9.045948345098703,train,RSI,,,TCS,minute,14.0,70.0,30.0
-99.68466966499562,-99.94684614899147,42.066966396302796,-12.016555901320615,-99.68466966499562,1.1586452762923352,0.00832281644763162,2244,67.21618689323809,test,RSI,,,TCS,minute,14.0,70.0,30.0
-99.68478206999565,-89.53575826338036,22.784897758103877,-6.630779241249749,-99.68478206999565,0.54005400540054,0.004309839424471621,2222,5.694720378746249,all,RSI,,,TCS,minute,14.0,70.0,20.0
-99.66748541499565,-95.88996161962665,26.158637131893116,-8.165466669126655,-99.66748541499565,0.5437245129134572,0.004310584145474199,2207,8.116594906974075,train,RSI,,,TCS,minute,14.0,70.0,20.0
-99.68481077999546,-99.94687728752375,31.866585195609982,-15.995365569737558,-99.68481077999546,1.042138649750793,0.0039976042584405225,2207,51.47313691507799,test,RSI,,,TCS,minute,14.0,70.0,20.0
-99.68470082999553,-89.5347014287156,22.90442967463095,-6.6348738149576905,-99.68470082999553,0.4026845637583893,0.002126418825588358,2235,7.542376463625988,all,RSI,,,TCS,minute,14.0,80.0,30.0
-99.66746163999554,-95.88979724835784,26.287954493660365,-8.173769609524708,-99.66746163999554,0.40504050405040504,0.0021267858438147017,2222,10.75791520480196,train,RSI,,,TCS,minute,14.0,80.0,30.0
-99.68452795999568,-99.94681487593415,31.988257113716994,-15.923063789353856,-99.68452795999568,1.3074842200180343,0.012633578890472617,2218,52.248101337165885,test,RSI,,,TCS,minute,14.0,80.0,30.0
-99.68482597999548,-89.53632954860788,16.76282353094969,-9.147835546964306,-99.68482597999548,0.8547008547008548,0.00499734386130085,2223,5.850699581519212,all,RSI,,,TCS,minute,14.0,80.0,20.0
-99.6316468199955,-95.64778150515521,18.403630728632674,-11.569683132146489,-99.63219437499549,0.8719596145020652,0.004999997895285335,2179,8.30258636827517,train,RSI,,,TCS,minute,14.0,80.0,20.0
-98.4296941999957,-99.56519834440589,20.311872181368948,-18.231606665990025,-98.4296941999957,1.2961762799740766,0.008860907282003607,1543,19.017626918036946,test,RSI,,,TCS,minute,14.0,80.0,20.0
-99.68457761499563,-89.53309886577972,20.6652266392883,-7.370245387777147,-99.68457761499563,0.5845323741007195,0.006516025689304387,2224,8.749630130616731,all,RSI,,,TCS,minute,21.0,70.0,30.0
-99.66941353999562,-95.90330922808046,23.48497672109365,-9.180192825741916,-99.66941353999562,0.587437867148667,0.006517010600885526,2213,12.486186510788109,train,RSI,,,TCS,minute,21.0,70.0,30.0
-99.68465789833996,-99.94684355235857,26.456009211126247,-19.319243358728812,-99.68465789833996,1.2405848471422243,0.01159617379431639,2257,32.23851995885643,test,RSI,,,TCS,minute,21.0,70.0,30.0
-99.68471327499574,-89.53486331245534,16.165968395249816,-9.489198686228098,-99.68471327499574,0.6292134831460674,0.0017399469913057272,2225,5.852390412985586,all,RSI,,,TCS,minute,21.0,70.0,20.0
-99.63221363999575,-95.65152878220923,17.649652638145266,-12.07251236513922,-99.63221363999575,0.6422018348623854,0.001740862233041475,2180,8.305605710179409,train,RSI,,,TCS,minute,21.0,70.0,20.0
-97.1532243653362,-99.05260228460607,18.468239135868117,-17.201642963090876,-97.1532243653362,1.7830609212481425,0.010352259557858436,1346,17.502923729410604,test,RSI,,,TCS,minute,21.0,70.0,20.0
-99.68469832999554,-89.53466890934969,16.23138417852877,-9.460479863122117,-99.68469832999554,1.1828935395814377,0.008805662608995521,2198,8.720885995688379,all,RSI,,,TCS,minute,21.0,80.0,30.0
-99.63337677999553,-95.65922634051411,17.74191041837879,-12.02900318048565,-99.63375827499553,1.2064965197215778,0.00881015847954905,2155,12.40406041099282,train,RSI,,,TCS,minute,21.0,80.0,30.0
-98.11890966499578,-99.44924173523518,19.557560675945513,-18.111264057578236,-98.11890966499578,1.4598540145985401,0.01609618392845056,1507,20.95081089459075,test,RSI,,,TCS,minute,21.0,80.0,30.0
-99.12904633999578,-84.41575282433618,9.617983698595884,-13.239345109452666,-99.12904633999578,1.3950892857142858,0.008147011045542035,1792,3.3448873483535526,all,RSI,,,TCS,minute,21.0,80.0,20.0
-96.09026297999588,-83.68715552064933,9.448975239067305,-13.140286055323038,-96.09026297999588,1.2205044751830758,0.007891556699038588,1229,2.8001376819908335,train,RSI,,,TCS,minute,21.0,80.0,20.0
-74.4206794149969,-83.21799140110693,9.617644592400744,-12.72441270931114,-74.4206794149969,2.4866785079928952,0.02660816032236274,563,6.117991855828437,test,RSI,,,TCS,minute,21.0,80.0,20.0
-99.68446475999552,-89.53163138139122,12.676135961904201,-12.146670449756314,-99.68446475999552,2.867383512544803,0.019884642405585674,2232,13.773472467002243,all,EMA_CROSS,8.0,20.0,TCS,3minute,,,
-99.59295579499552,-95.39771687923383,13.279352547681182,-15.813574877996846,-99.59295579499552,2.70901447921532,0.019882400777837542,2141,18.70018837849587,train,EMA_CROSS,8.0,20.0,TCS,3minute,,,
-93.82431888999582,-97.38881621036184,14.442667362404881,-17.2351252563806,-93.82431888999582,3.70722433460076,0.021551089784692574,1052,44.20776805714044,test,EMA_CROSS,8.0,20.0,TCS,3minute,,,
-99.68510278999568,-89.53993206315634,12.773152195567697,-12.056616469179957,-99.68510278999568,2.841677943166441,0.022210769187851687,2217,14.207102917496101,all,EMA_CROSS,8.0,21.0,TCS,3minute,,,
-99.59262657499568,-95.39563518164283,13.416218425069895,-15.647114320863235,-99.59262657499568,2.6823529411764704,0.022210881355546608,2125,19.95906390378206,train,EMA_CROSS,8.0,21.0,TCS,3minute,,,
-93.29748327499595,-97.09342626238151,14.241196121716367,-16.966878875067543,-93.29748327499595,3.714565004887586,0.019635142980205716,1023,45.48413000295846,test,EMA_CROSS,8.0,21.0,TCS,3minute,,,
-99.68484740499574,-89.53660831330049,12.362446347278887,-12.459677805339894,-99.68484740499574,2.802893309222423,0.018375758598704425,2212,14.181744411619269,all,EMA_CROSS,9.0,20.0,TCS,3minute,,,
-99.59248873499573,-95.39476382295251,12.834260487297938,-16.36169070275188,-99.59248873499573,2.63777673104098,0.018372275395505285,2123,19.29430517316331,train,EMA_CROSS,9.0,20.0,TCS,3minute,,,
-92.75368783499584,-96.7809044645102,13.909022675109611,-16.87373010093303,-92.75368783499584,3.896103896103896,0.023226857285245858,1001,59.6635814209036,test,EMA_CROSS,9.0,20.0,TCS,3minute,,,
-99.68483275999577,-89.53641776321575,12.421208075174283,-12.399994737084223,-99.68483275999577,2.6830377444292863,0.012768720211816565,2199,13.890121594035678,all,EMA_CROSS,9.0,21.0,TCS,3minute,,,
-99.59267531499579,-95.3959433237518,12.9184867761169,-16.255461673455425,-99.59267531499579,2.5154247745609872,0.012769299083179185,2107,18.86683089407332,train,EMA_CROSS,9.0,21.0,TCS,3minute,,,
-92.60424908999609,-96.69371947075447,13.894559504702706,-16.770377336066055,-92.60424908999609,3.2653061224489797,0.017091591977101275,980,45.79688094332446,test,EMA_CROSS,9.0,21.0,TCS,3minute,,,
-99.04891080306756,-83.86880122405702,7.996873244116445,-15.644750072142818,-99.04891080306756,2.4263431542461005,0.017303080550494867,1731,13.00384181364034,all,SMA_CROSS,20.0,50.0,TCS,3minute,,,
-95.46551210999567,-82.27686714192187,7.625397681905468,-15.55615016078182,-95.46551210999567,3.096234309623431,0.017869838860204285,1195,12.990870888277062,train,SMA_CROSS,20.0,50.0,TCS,3minute,,,
-75.89212773096482,-84.47042353885705,8.537338889713123,-14.96975968659582,-75.89212773096482,2.0522388059701493,0.01003503620676975,536,43.26106250792443,test,SMA_CROSS,20.0,50.0,TCS,3minute,,,
-83.60522508499632,-50.76842347022268,5.003598028959433,-9.736652582525831,-83.60522508499632,4.087591240875913,0.02245459062908741,685,5.235263538272325,all,SMA_CROSS,20.0,200.0,TCS,3minute,,,
-72.32226199999681,-51.25158617671936,5.103940507048785,-9.677298754375906,-72.32226199999681,4.225352112676056,0.023319429853042698,497,6.799739168236488,train,SMA_CROSS,20.0,200.0,TCS,3minute,,,
-39.71429237499818,-48.44510835774162,4.744322671976263,-9.602183204097205,-39.71429237499818,3.723404255319149,0.01943571121041423,188,5.118126875449051,test,SMA_CROSS,20.0,200.0,TCS,3minute,,,
-71.161316894997,-38.57221825776473,3.314634085539637,-10.119891251049399,-71.161316894997,3.0737704918032787,0.012272361870234547,488,4.245013883781967,all,SMA_CROSS,50.0,200.0,TCS,3minute,,,
-59.24449685499753,-39.47134869148415,3.4128528768540862,-10.125369569177037,-59.24449685499753,2.5936599423631126,0.010089949357124145,347,4.910520214461672,train,SMA_CROSS,50.0,200.0,TCS,3minute,,,
-28.493970914998705,-35.536455277600574,3.006423282015102,-10.005953785017056,-28.493970914998705,4.25531914893617,0.0251276542523004,141,2.692193905583027,test,SMA_CROSS,50.0,200.0,TCS,3minute,,,
-99.68454213209561,-89.53263743753288,15.211043441447528,-10.098412379637539,-99.68454213209561,2.1014161717679305,0.009527296663486444,2189,15.539692401323716,all,RSI,,,TCS,3minute,14.0,70.0,30.0
-99.6342244749956,-95.66484309284775,16.53625804693285,-12.915515922551746,-99.6342244749956,2.100840336134454,0.00950097297839277,2142,20.509708737864077,train,RSI,,,TCS,3minute,14.0,70.0,30.0
-97.07766171776153,-99.0195470894463,16.725780002507186,-18.85905520279125,-97.07766171776153,3.9056742815033165,0.03346100595388129,1357,70.88035163348971,test,RSI,,,TCS,3minute,14.0,70.0,30.0
-99.6841148999958,-89.52708408364948,12.393136117011199,-12.441496316326857,-99.6841148999958,2.8793418647166362,0.01010128395715073,2188,13.561728942930682,all,RSI,,,TCS,3minute,14.0,70.0,20.0
-99.5941000449958,-95.40495788661649,12.715992930206033,-16.552000082027806,-99.5941000449958,2.7514231499051234,0.010056946362289099,2108,19.07151137516302,train,RSI,,,TCS,3minute,14.0,70.0,20.0
-91.11520929396393,-95.79629507150884,13.102298201478465,-16.55008155829656,-91.11520929396393,4.895833333333333,0.037941577861911775,960,50.6825577955285,test,RSI,,,TCS,3minute,14.0,70.0,20.0
-99.68439715214517,-89.53075241091834,12.452056942945626,-12.376543902639543,-99.68439715214517,2.6027397260273974,0.007338944058673918,2190,17.171512254497966,all,RSI,,,TCS,3minute,14.0,80.0,30.0
-99.59292400714517,-95.39751584848686,12.88373214495421,-16.316012620538707,-99.59292400714517,2.47383444338725,0.007277721969160674,2102,24.199391392551803,train,RSI,,,TCS,3minute,14.0,80.0,30.0
-90.37739336749586,-95.33353442487244,12.2599603569974,-17.094318617465802,-90.37739336749586,5.192107995846314,0.03768106134348097,963,38.709268416381384,test,RSI,,,TCS,3minute,14.0,80.0,30.0
-99.1390189566903,-84.48592951477146,8.848806515339026,-14.435951831595489,-99.1390189566903,3.6111111111111107,0.011260838159689562,1800,13.580747822338306,all,RSI,,,TCS,3minute,14.0,80.0,20.0
-96.24468864669039,-84.05074775457858,8.618354727250416,-14.5989720775511,-96.24468864669039,3.392568659127625,0.010807545081474886,1238,12.771699753658892,train,RSI,,,TCS,3minute,14.0,80.0,20.0
-73.95422720999683,-82.81623257489203,8.925035523632307,-13.537105602617382,-73.95422720999683,6.227758007117438,0.04429435782653046,562,18.477663665948185,test,RSI,,,TCS,3minute,14.0,80.0,20.0
-99.68469764810325,-89.53466003949495,10.902713188036017,-14.173283287385855,-99.68469764810325,2.9558890404729423,0.01609775459507018,2199,15.519405596622246,all,RSI,,,TCS,3minute,21.0,70.0,30.0
-99.16029744310326,-93.09955294320983,11.283932970325743,-16.21557587141358,-99.16029744310326,2.7404921700223714,0.016093869557755998,1788,18.071656281698303,train,RSI,,,TCS,3minute,21.0,70.0,30.0
-85.67538689653131,-92.1441252566432,11.62235081927347,-14.990329379962338,-85.67538689653131,6.666666666666667,0.03672496125026813,780,37.95697561387938,test,RSI,,,TCS,3minute,21.0,70.0,30.0
-98.54466224883949,-80.94244911168325,8.78812533964934,-12.926980978509734,-98.54466224883949,3.2442748091603053,0.014991005521067696,1572,10.706361181199203,all,RSI,,,TCS,3minute,21.0,70.0,20.0
-94.59919141883964,-80.45608367766069,8.652471877481542,-12.925136903108475,-94.59919141883964,3.0797101449275366,0.01485867223426096,1104,10.976670047819157,train,RSI,,,TCS,3minute,21.0,70.0,20.0
-67.98713552573324,-77.48869513736042,8.598216612861432,-11.897582905282851,-67.98713552573324,6.837606837606838,0.044346071669163586,468,23.16047504332023,test,RSI,,,TCS,3minute,21.0,70.0,20.0
-98.8699657449957,-82.74129233465837,8.809979413681187,-13.681059537592903,-98.8699657449957,3.7914691943127963,0.015011022379166834,1688,14.052416031647416,all,RSI,,,TCS,3minute,21.0,80.0,30.0
-95.41363131499581,-82.16372986575153,8.687811852135015,-13.61454529318992,-95.41363131499581,3.6409822184589333,0.014926072988089695,1181,14.113896536733805,train,RSI,,,TCS,3minute,21.0,80.0,30.0
-70.938222914997,-80.16584524642629,8.283701148979784,-13.40271852030117,-70.938222914997,7.297830374753452,0.03960428424586963,507,23.98461603482524,test,RSI,,,TCS,3minute,21.0,80.0,30.0
-82.06766820499631,-49.00813583980719,5.0296158622846425,-9.205010623194326,-82.06766820499631,5.354558610709118,0.024857018095998565,691,6.7643814426454,all,RSI,,,TCS,3minute,21.0,80.0,20.0
-70.70955295499677,-49.68265463456767,4.973608388795675,-9.493637302666333,-70.70955295499677,5.040322580645161,0.019970493672460423,496,7.0152876394725405,train,RSI,,,TCS,3minute,21.0,80.0,20.0
-37.09396789999842,-45.4920221546371,5.021146935529303,-8.306027809817815,-37.09396789999842,8.205128205128204,0.0650620854630282,195,9.188115464266092,test,RSI,,,TCS,3minute,21.0,80.0,20.0
