date,open,high,low,close,volume,SMA_FAST,SMA_SLOW,SMA_CROSS_LONG_SIGNAL,SMA_CROSS_SHORT_SIGNAL,EMA_FAST,EMA_SLOW,EMA_CROSS_LONG_SIGNAL,EMA_CROSS_SHORT_SIGNAL,RSI,RSI_LONG_SIGNAL,RSI_SHORT_SIGNAL,ADX,ADX_LONG_SIGNAL,ADX_SHORT_SIGNAL,ADX_LONG_EXIT_SIGNAL,ADX_SHORT_EXIT_SIGNAL,BOLLINGER_UPPER,BOLLINGER_LOWER,BOLLINGER_LONG_SIGNAL,BOLLINGER_SHORT_SIGNAL,CCI,CCI_LONG_SIGNAL,CCI_SHORT_SIGNAL,DONCHIAN_HIGH,DONCHIAN_LOW,DONCHIAN_LONG_SIGNAL,DONCHIAN_SHORT_SIGNAL,EMA_FAST,EMA_SLOW,MACD,MACD_SIGNAL,MACD_LONG_SIGNAL,MACD_SHORT_SIGNAL,SUPERTREND,SUPER_TREND_LONG_SIGNAL,SUPER_TREND_SHORT_SIGNAL,VOLUME_SPIKE,VOLUME_SPIKE_LONG_SIGNAL,VOLUME_SPIKE_SHORT_SIGNAL,WILLIAMSR,WILLIAMS_R_LONG_SIGNAL,WILLIAMS_R_SHORT_SIGNAL,STOCH_K,STOCH_D,STOCHASTIC_LONG_SIGNAL,STOCHASTIC_SHORT_SIGNAL,ATR,ATR_SPIKE_SIGNAL,MFI,MFI_LONG_SIGNAL,MFI_SHORT_SIGNAL,AROON_UP,AROON_DOWN,AROON_LONG_SIGNAL,AROON_SHORT_SIGNAL,CMF,CHAIKIN_MF_LONG_SIGNAL,CHAIKIN_MF_SHORT_SIGNAL,DEMA,DEMA_LONG_SIGNAL,DEMA_SHORT_SIGNAL,ENVELOPE_UPPER,ENVELOPE_LOWER,ENVELOPE_LONG_SIGNAL,ENVELOPE_SHORT_SIGNAL,HULL_MA,HULL_MA_LONG_SIGNAL,HULL_MA_SHORT_SIGNAL,KELTNER_UPPER,KELTNER_LOWER,KELTNER_LONG_SIGNAL,KELTNER_SHORT_SIGNAL,MOMENTUM,MOMENTUM_LONG_SIGNAL,MOMENTUM_SHORT_SIGNAL,OBV,OBV_SIGNAL_MA,OBV_LONG_SIGNAL,OBV_SHORT_SIGNAL,PIVOT,PIVOT_LONG_SIGNAL,PIVOT_SHORT_SIGNAL,PSAR,PSAR_LONG_SIGNAL,PSAR_SHORT_SIGNAL,ROC,ROC_LONG_SIGNAL,ROC_SHORT_SIGNAL,STOCH_RSI,STOCH_RSI_LONG_SIGNAL,STOCH_RSI_SHORT_SIGNAL,TEMA,TEMA_LONG_SIGNAL,TEMA_SHORT_SIGNAL,TRIX,TRIX_LONG_SIGNAL,TRIX_SHORT_SIGNAL,ULTIMATE_OSC,ULTIMATE_OSC_LONG_SIGNAL,ULTIMATE_OSC_SHORT_SIGNAL,VWAP,VWAP_LONG_SIGNAL,VWAP_SHORT_SIGNAL
2025-03-27 00:00:00+05:30,1800.0,1841.0,1798.1,1825.35,20829050,1734.25,1706.8670000000002,0,0,1770.2236180759285,1741.31611472597,0,0,86.36486852805625,0,0,38.61647356939786,1,0,0,0,1829.5057886070867,1638.9942113929133,0,0,151.096000894084,0,1,1843.7,1670.05,0,0,1770.2236180759285,1741.31611472597,28.90750334995846,16.541318842206888,0,0,1834.23,1,0,0,0,0,-10.567232939821553,0,0,89.43276706017843,85.07534312314039,0,0,26.96428571428576,0,85.8866941428088,0,0,14.285714285714285,78.57142857142857,0,1,0.18081000708781753,1,0,1782.8368005612679,0,0,1777.6062499999998,1690.89375,1,0,1779.0484523809523,0,0,1805.8558505360365,1694.3658505360363,1,0,114.19999999999982,1,0,84661766,21440371.55,1,0,1812.0166666666667,0,1,1732.1612299233689,0,0,6.673874295064719,1,0,1.0,0,1,1805.6682830658422,0,0,0.13829153627105129,1,0,61.279752161924726,0,0,1707.271564003929,1,0
2025-03-28 00:00:00+05:30,1829.0,1836.0,1805.85,1828.2,14386824,1740.625,1710.39,0,0,1779.1430614488625,1747.7519580796018,0,0,87.48314000539509,0,0,43.45264241417516,1,0,0,0,1843.2106227743445,1638.0393772256555,0,0,130.17751479289936,0,1,1843.7,1670.05,0,0,1779.1430614488625,1747.7519580796018,31.39110336926069,19.51127574761765,0,0,1741.9899999999998,0,1,0,0,0,-8.926000575871,0,1,91.073999424129,86.37105288415391,0,1,27.43571428571433,0,86.61177212160432,0,1,21.428571428571427,85.71428571428571,0,1,0.1907094471612978,1,0,1793.5586390142741,0,0,1784.1406249999998,1697.109375,1,0,1797.130119047619,0,0,1813.4879123897472,1701.607912389747,1,0,121.60000000000014,1,0,99048590,27156826.15,1,0,1821.4833333333333,1,0,1745.5458823325646,0,0,7.1252783311848145,1,0,1.0,0,1,1817.4637468353167,0,0,0.1627536223887116,1,0,62.67240823981744,0,0,1709.7701956156393,1,0
2025-04-01 00:00:00+05:30,1802.0,1809.9,1765.35,1767.85,14255503,1742.3975000000003,1713.0120000000002,0,0,1777.4056673798066,1749.2407019255572,0,0,66.46853863496611,0,0,46.65160710128905,1,0,0,0,1845.6078752179583,1639.1871247820422,0,0,57.94995418975954,0,1,1843.7,1670.05,0,0,1777.4056673798066,1749.2407019255572,28.16496545424934,21.242013688943988,0,0,1834.23,1,0,0,0,0,-43.67981572127849,0,1,56.320184278721506,78.94231692100965,0,1,30.721428571428614,0,78.7699316460142,0,1,28.57142857142857,92.85714285714286,0,1,0.051888790577347285,1,0,1792.2319878265585,0,0,1785.9574375000002,1698.8375625000003,1,0,1812.1867857142856,0,0,1813.6990635907237,1703.3590635907235,1,0,57.44999999999982,1,0,84793087,30797587.4,1,0,1823.3500000000001,1,0,1757.324376452657,0,0,3.3588634237605053,1,0,0.5580289935052895,0,1,1811.7473596796374,0,0,0.17860467245405243,1,0,50.23027676595405,0,0,1710.9354341455937,1,0
2025-04-02 00:00:00+05:30,1770.7,1799.2,1770.7,1796.9,5786782,1747.1649999999997,1715.925,0,0,1780.404795475221,1752.771020301442,0,0,70.5535055350553,0,0,49.81498851897923,1,0,0,0,1851.236064283271,1643.0939357167285,0,0,62.381436964201626,0,0,1843.7,1670.05,0,0,1780.404795475221,1752.771020301442,27.633775173778986,22.52036598591099,0,0,1741.9899999999998,0,1,0,0,0,-30.75911929017412,0,0,69.24088070982589,72.2116881375588,0,0,31.25000000000005,0,83.95937018282785,0,0,35.714285714285715,100.0,0,1,0.106523373565345,1,0,1795.975813391863,0,1,1790.8441249999996,1703.4858749999996,0,0,1825.0158333333334,0,1,1815.308438486845,1709.058438486845,0,0,64.70000000000005,1,0,90579869,35257821.85,1,0,1781.0333333333335,0,1,1767.689451278338,0,0,3.73513451102645,1,0,0.5904819435461528,0,0,1813.801077495402,0,1,0.19096319485001345,1,0,52.7341094259881,0,0,1711.629884365343,1,0
2025-04-03 00:00:00+05:30,1781.1,1804.0,1777.0,1794.85,5625019,1751.4075,1718.9740000000002,0,0,1782.6271346328792,1755.8879817605944,0,0,66.91592562651566,0,1,53.51527790719369,1,0,0,0,1856.0159241098056,1646.7990758901944,0,0,60.14931066426883,0,0,1843.7,1670.05,0,0,1782.6271346328792,1755.8879817605944,26.739152872284876,23.36412336318577,0,0,1834.23,1,0,0,0,0,-34.00626522798476,0,0,65.99373477201524,63.85159992018756,0,0,30.82142857142862,0,83.63075607014872,0,1,42.857142857142854,100.0,0,1,0.09038093750487199,1,0,1798.721736888876,1,0,1795.1926875,1707.6223125,1,0,1835.3265476190477,0,0,1819.014539583336,1711.574539583336,0,0,50.75,1,0,84954850,38938781.4,1,0,1788.9333333333334,1,0,1776.8107171249376,0,0,2.909810217304054,1,0,0.36218095997078986,0,0,1814.5745463567407,0,0,0.1998228220061904,1,0,50.69501241252216,0,0,1712.278279653681,1,0
2025-04-04 00:00:00+05:30,1813.0,1841.95,1811.1,1817.3,16770227,1757.7724999999998,1721.999,0,0,1787.9614216124362,1760.4370201486984,0,0,70.86317376554837,0,0,56.457811158697645,1,0,0,0,1862.1398243632168,1653.4051756367828,0,0,96.06309159650979,0,0,1843.7,1670.05,0,0,1787.9614216124362,1760.4370201486984,27.52440146373783,24.196178983296182,0,0,1741.9899999999998,0,1,0,0,0,-19.033886085075764,0,0,80.96611391492424,72.0669097989218,0,0,32.703571428571486,0,84.54208724717782,0,1,50.0,100.0,0,1,0.08406473975440518,1,0,1804.8553783170778,0,1,1801.7168124999996,1713.8281874999998,0,0,1842.4436904761906,0,0,1824.7974405753994,1715.697440575399,0,0,48.549999999999955,1,0,101725077,43997849.1,1,0,1791.95,1,0,1784.837431069945,0,0,2.74487632508833,1,0,0.4845908290185057,0,0,1820.3983525317658,0,0,0.20810145184897433,1,0,50.94476234020327,0,0,1714.6624257366475,1,0
2025-04-07 00:00:00+05:30,1762.8,1779.85,1738.2,1757.7,18997725,1761.0975000000003,1723.855,0,0,1783.305818287446,1760.2342779154615,0,0,57.36530675801929,0,1,55.90703663201951,1,0,0,0,1860.661340799444,1661.5336592005567,0,0,-2.947125829659196,0,0,1843.7,1670.05,0,0,1783.305818287446,1760.2342779154615,23.07154037198461,23.97125126103387,0,0,1834.23,1,0,0,0,0,-66.8480373105324,0,1,33.151962689467595,60.03727045880237,0,1,36.99642857142862,0,75.07626189430074,0,1,57.14285714285714,100.0,0,1,0.05168212521724039,1,0,1799.6835499245417,1,0,1805.1249375000002,1717.0700625000002,1,0,1846.0492857142858,0,0,1825.0024462348852,1713.102446234885,0,0,-12.649999999999864,1,0,82727352,47282878.35,1,0,1823.45,1,0,1843.7,0,0,-0.7145479707402425,1,0,0.0,0,0,1809.9968401265724,0,0,0.20844292867563396,1,0,47.547487721370075,0,0,1715.7414636874582,1,0
2025-04-08 00:00:00+05:30,1765.0,1782.0,1750.3,1769.15,17781936,1765.0925,1726.2420000000002,0,0,1781.1280000893776,1760.8947017735754,0,0,55.945293644408686,0,0,53.56332113137854,1,0,0,0,1858.7549750732235,1671.4300249267765,0,0,4.883410035349924,0,0,1843.7,1670.05,0,0,1781.1280000893776,1760.8947017735754,20.23329831580213,23.223660671987524,0,1,1741.9899999999998,0,1,0,0,0,-66.86098654708516,0,0,33.13901345291484,49.0856966857689,0,0,37.33214285714291,0,75.9991616323774,0,0,64.28571428571429,100.0,0,1,0.06343380164849145,1,0,1797.0495301792675,0,1,1809.2198124999998,1720.9651875,0,0,1844.717261904762,0,0,1825.826737069658,1712.2967370696579,0,0,-30.84999999999991,0,1,100509288,51791327.25,1,0,1758.5833333333333,0,1,1841.5900000000001,0,1,-1.7138888888888815,0,0,0.0,1,0,1803.888927619362,0,0,0.2043652628954229,1,0,46.65306279793141,0,0,1716.9660883755644,1,0
2025-04-09 00:00:00+05:30,1765.0,1775.0,1753.5,1765.0,11227304,1768.9675,1728.9460000000001,0,0,1778.6467693063964,1761.1987979384958,0,0,53.44884488448845,0,0,50.68046802237559,1,0,0,0,1855.2341995275033,1682.7008004724967,0,0,-6.88944083956718,0,0,1843.7,1670.05,0,0,1778.6467693063964,1761.1987979384958,17.447971367900664,22.068522811170155,0,0,1834.23,1,0,0,0,0,-74.59715639810432,0,0,25.402843601895693,30.564606581426048,0,0,37.525000000000055,0,70.6962829123416,0,0,71.42857142857143,100.0,0,1,0.08062379389012053,1,0,1793.921831793262,0,0,1813.1916874999997,1724.7433125,0,0,1838.2341666666666,0,0,1825.9049049677858,1711.4449049677858,0,0,-56.450000000000045,0,1,89281984,56128512.2,1,0,1767.1500000000003,1,0,1839.5222,0,0,-3.099179225342452,0,1,0.0,1,0,1797.5102083939605,0,0,0.19664891349326918,1,0,45.16419363390087,0,0,1717.651567727673,1,0
2025-04-11 00:00:00+05:30,1774.75,1819.4,1774.75,1806.75,16387883,1775.03,1731.6729999999998,0,0,1782.9703432592585,1764.5729610541628,0,0,55.935645110902826,0,0,48.252987596242875,1,0,0,0,1853.2669504841076,1696.7930495158923,0,0,55.26752203892787,0,0,1843.7,1691.55,0,0,1782.9703432592585,1764.5729610541628,18.39738220509571,21.334294689955268,0,0,1741.9899999999998,0,1,0,0,0,-35.023696682464504,0,0,64.9763033175355,41.17272012411535,0,0,39.275000000000055,0,71.82459631961092,0,0,78.57142857142857,21.428571428571427,1,1,0.09520241253792075,1,0,1798.343801459429,0,0,1819.40575,1730.65425,0,0,1829.1913095238097,0,0,1831.6011044946636,1713.0011044946632,0,0,0.20000000000004547,0,1,105669867,61782552.05,1,0,1764.5,0,1,1837.495756,0,0,0.01107082560682926,0,1,0.07306748142072668,1,0,1802.3701618728433,0,0,0.19116141860837654,1,0,53.901200457028544,0,0,1719.4696366411931,1,0
2025-04-15 00:00:00+05:30,1865.0,1876.8,1855.0,1864.9,24649172,1782.7175,1735.425,0,0,1795.5749058347571,1772.0045935686692,0,0,62.551440329218096,0,0,47.5060273360205,1,0,0,0,1864.65310549217,1700.78189450783,0,0,172.52215124665173,0,0,1876.8,1700.05,0,0,1795.5749058347571,1772.0045935686692,23.570312266087967,21.78149820518181,0,0,1741.9899999999998,1,0,0,0,0,-8.585858585858492,0,0,91.4141414141415,60.597762777857575,0,0,42.953571428571486,0,73.05869544826699,0,0,0.0,28.57142857142857,1,0,0.06549966342813586,1,0,1812.1599433202327,1,0,1827.2854374999997,1738.1495625,0,0,1821.4286904761902,0,0,1839.9050469237432,1722.335046923743,0,0,39.55000000000018,1,0,130319039,68199447.85,1,0,1800.3,1,0,1738.2,0,0,2.1667077546771996,0,0,0.26745362030836034,1,0,1820.614821576043,1,0,0.19354903290516035,1,0,56.06043746321329,0,0,1723.800217030725,1,0
2025-04-16 00:00:00+05:30,1883.8,1883.8,1860.5,1878.0,9568410,1791.2875,1739.155,0,0,1808.2556895524867,1779.856105156175,0,0,60.83032490974727,0,0,45.72921739772378,1,0,0,0,1875.5238084298855,1707.0511915701143,1,0,171.6828024284537,0,1,1883.8,1705.0,1,0,1808.2556895524867,1779.856105156175,28.39958439631164,23.105115443407776,1,0,2006.6550000000002,0,0,0,0,0,-3.9835164835164547,0,1,96.01648351648355,84.13564274938686,0,1,42.185714285714326,0,73.22626851261376,0,0,0.0,35.714285714285715,0,0,0.09357789776231555,1,0,1826.2876643347793,0,0,1836.0696874999996,1746.5053125,1,0,1816.6402380952381,1,0,1849.3867091214818,1731.3067091214818,1,0,49.799999999999955,1,0,139887449,75488170.75,1,0,1865.5666666666668,1,0,1740.972,1,0,2.7239908106334143,1,0,0.21688358754121842,0,0,1838.6750387187176,0,0,0.2021416731757597,1,0,56.43344254725687,0,0,1725.5622779013486,1,0
2025-04-17 00:00:00+05:30,1882.0,1919.7,1876.7,1906.7,17851542,1801.1025000000002,1743.3140000000003,0,0,1823.4009680828733,1789.2519492186807,0,0,61.60337552742613,0,0,43.12534024902583,1,0,0,0,1891.1965004720223,1711.008499527978,0,0,194.44969693778367,0,1,1919.7,1715.05,1,0,1823.4009680828733,1789.2519492186807,34.14901886419261,25.313896127564746,0,0,1769.65,0,1,0,0,0,-7.162534435261708,0,1,92.8374655647383,93.42269683178779,0,1,42.13571428571432,0,73.10558137959515,0,0,0.0,42.857142857142854,0,0,0.1307442140452032,1,0,1843.3718332365966,0,0,1846.1300625000001,1756.0749375,1,0,1820.1364285714285,0,0,1862.867974919436,1739.9879749194358,1,0,138.85000000000014,1,0,157738991,83195672.9,1,0,1874.1000000000001,1,0,1746.6851199999999,0,0,7.854173148174337,1,0,0.2395974593852688,0,0,1860.3901887459408,0,0,0.21727605067385358,1,0,58.63433076539716,0,0,1729.3433979310819,1,0
2025-04-21 00:00:00+05:30,1924.0,1950.7,1910.0,1927.1,17123649,1810.8475000000003,1748.0369999999998,0,0,1839.3546653008927,1799.462915943223,0,0,66.16601850610161,0,0,40.65888667754135,1,0,0,0,1911.1459256317648,1710.5490743682358,0,0,206.4381530397592,0,1,1950.7,1732.2,1,0,1839.3546653008927,1799.462915943223,39.89174935766982,28.229466773585763,0,0,2006.6550000000002,1,0,0,0,0,-11.10588235294124,0,1,88.89411764705876,92.58268890942686,0,1,43.4571428571429,0,79.6142498917599,0,0,0.0,50.0,0,0,0.09776971027006572,1,0,1861.554850236143,0,0,1856.1186875,1765.5763125000003,1,0,1828.9725,0,0,1876.671739212823,1750.1217392128228,1,0,130.19999999999982,1,0,174862640,91211678.05,1,0,1901.0333333333335,1,0,1757.0660128,0,0,7.24581223217764,1,0,0.3736576173073505,0,0,1882.9847324958976,0,0,0.23791094115515055,1,0,63.43000564150698,0,0,1733.225376299419,1,0
2025-04-22 00:00:00+05:30,1935.0,1970.6,1935.0,1961.7,22980875,1821.7274999999997,1753.7109999999998,0,0,1858.1770244853708,1811.4804777252064,0,0,67.54148977228867,0,0,37.41260759609834,1,0,0,0,1937.5474031845747,1705.9075968154248,0,0,208.04526259518153,0,1,1970.6,1738.2,1,0,1858.1770244853708,1811.4804777252064,46.69654676016444,31.9228827709015,0,0,1815.5049999999999,0,1,0,0,0,-3.8296041308088937,0,1,96.17039586919111,92.63399302699605,0,1,43.500000000000036,0,79.97799547058688,0,0,0.0,57.14285714285714,0,0,0.12428140178440572,1,0,1883.1287911429072,0,0,1867.2706874999997,1776.1843124999998,1,0,1843.5771428571434,0,0,1892.475859287792,1762.5658592877921,1,0,166.85000000000014,1,0,197843515,99996191.8,1,0,1929.2666666666664,1,0,1772.5567317759999,0,0,9.296041451931924,1,0,0.41407188947901463,0,0,1909.7533394569648,0,0,0.26463201627098254,1,0,65.30883376682057,0,0,1739.0899589715868,1,0
2025-04-23 00:00:00+05:30,1978.9,1978.9,1920.5,1923.9,15285321,1829.485,1757.771,0,0,1868.2882514876214,1819.8078497455615,0,0,61.29603399433427,0,0,33.902740194846544,1,0,0,0,1951.0075476154425,1707.9624523845573,0,0,151.66856744491403,0,1,1978.9,1738.2,1,0,1868.2882514876214,1819.8078497455615,48.48040174205994,35.23438656513319,0,0,2006.6550000000002,1,0,0,0,0,-22.850020772746152,0,1,77.14997922725385,87.40483091450125,0,1,45.517857142857174,0,72.66028231399899,0,0,0.0,64.28571428571429,0,0,0.06096120031055069,1,0,1895.0475126266556,0,0,1875.2221249999998,1783.7478749999998,1,0,1860.8676190476194,0,0,1905.0248250699071,1768.374825069907,1,0,106.60000000000014,1,0,182558194,107570590.05,1,0,1955.7666666666667,1,0,1792.3610585984,0,0,5.865844934793385,1,0,0.4506167974340109,0,0,1921.8746008551936,0,0,0.28942214767864183,1,0,57.49637829033919,0,0,1742.1922363681902,1,0
2025-04-24 00:00:00+05:30,1910.0,1923.9,1905.1,1916.8,12965877,1836.8075000000001,1761.351,0,0,1875.7515974126027,1826.9924534681124,0,0,70.10935601458078,0,0,33.4430509676322,1,0,0,0,1960.9477401997124,1712.6672598002879,0,0,99.71651965244,0,1,1978.9,1738.2,0,0,1875.7515974126027,1826.9924534681124,48.75914394449023,37.9393380410046,0,0,1815.5049999999999,0,1,0,0,0,-25.799750727046167,0,0,74.20024927295384,82.50687478979961,0,0,42.37142857142861,0,72.76250643720445,0,0,7.142857142857142,71.42857142857143,0,0,0.03925276338840075,1,0,1903.9039145749878,0,0,1882.7276875,1790.8873125,1,0,1879.7902380952385,0,0,1912.6784131584875,1775.9784131584872,1,0,159.0999999999999,1,0,169592317,113658987.85,1,0,1941.1000000000001,0,1,1814.745731566592,0,0,9.0516015247198,1,0,0.9567127877211824,0,0,1929.4645480032054,0,0,0.31040672053661567,1,0,57.543082781115615,0,0,1744.643587938571,1,0
2025-04-25 00:00:00+05:30,1924.8,1933.0,1891.8,1911.2,9250439,1842.3674999999998,1764.698,0,0,1881.2051978106638,1833.2300495075115,0,0,66.47448832516574,0,1,32.06369418025094,1,0,0,0,1969.4915391983568,1715.2434608016429,0,0,83.61888959693471,0,0,1978.9,1738.2,0,0,1881.2051978106638,1833.2300495075115,47.97514830315231,39.946500093434146,0,0,2006.6550000000002,1,0,0,0,0,-28.12629829663483,0,0,71.87370170336517,74.4079767345243,0,0,43.07500000000003,0,68.8678002379402,0,0,14.285714285714285,78.57142857142857,0,1,0.0169519475554493,1,0,1910.357933420097,0,0,1888.4266874999996,1796.3083124999998,1,0,1900.2083333333335,0,0,1920.092135714822,1781.302135714822,1,0,142.04999999999995,1,0,160341878,118850020.3,1,0,1915.2666666666667,0,1,1834.444243778601,0,0,8.029279597546847,1,0,0.7479842335379441,0,1,1933.6714244075588,0,1,0.32663942235435783,1,0,52.14409357458691,0,0,1746.2953044873486,1,0
2025-04-28 00:00:00+05:30,1911.2,1929.7,1908.4,1920.2,6960246,1847.3049999999998,1768.4470000000001,0,0,1887.2043981474847,1839.6722680625105,0,0,67.71230747491876,0,0,30.947011276919472,1,0,0,0,1978.6103929224785,1715.9996070775212,0,0,81.80869019412083,0,0,1978.9,1738.2,0,0,1887.2043981474847,1839.6722680625105,47.53213008497414,41.46362609174215,0,0,1815.5049999999999,0,1,0,0,0,-24.387203988367276,0,0,75.61279601163272,73.89558232931725,0,0,42.667857142857166,0,69.11924139353863,0,0,21.428571428571427,85.71428571428571,0,1,0.02393169336609674,1,0,1917.2607759910957,0,0,1893.4876249999998,1801.1223749999997,1,0,1921.345119047619,0,0,1924.6214561229342,1790.011456122934,0,0,155.20000000000005,1,0,167302124,123411529.65,1,0,1912.0,0,1,1851.778934525169,0,0,8.793201133144478,1,0,0.819064730421134,0,0,1938.722060889598,0,0,0.33928817372916864,1,0,50.90740245799163,0,0,1747.583314332816,1,0
2025-04-29 00:00:00+05:30,1918.8,1928.8,1900.2,1908.8,9459154,1852.4175,1772.3080000000002,0,0,1890.526798432487,1844.7928407986208,0,0,63.345974329054826,0,0,28.553192696576314,1,0,0,0,1984.9976972789545,1719.8373027210455,0,0,66.65191821986247,0,0,1978.9,1738.2,0,0,1890.526798432487,1844.7928407986208,45.73395763386634,42.31769240016699,0,0,2006.6550000000002,1,0,0,0,0,-29.12339011217288,0,0,70.87660988782713,72.78770253427501,0,0,41.34642857142858,0,63.54333791393331,0,0,28.57142857142857,92.85714285714286,0,1,0.0383953436710493,1,0,1921.0113832729862,0,0,1898.7279374999998,1806.1070625,1,0,1943.3549999999998,0,1,1929.8346507778929,1794.6046507778929,0,0,102.04999999999995,1,0,157842970,128112042.35,1,0,1919.4333333333334,1,0,1867.0334623821486,0,0,5.648263456482638,1,0,0.5940471674179377,0,1,1939.411516519535,0,0,0.3470207453454499,1,0,47.46640934965434,0,0,1749.1898709300833,1,0
2025-04-30 00:00:00+05:30,1913.0,1936.9,1910.3,1925.0,15968435,1857.4,1776.78,0,0,1895.8303679044122,1850.734111850575,0,0,77.93921175684699,0,0,31.5939458629439,1,0,0,0,1993.1491727221094,1721.6508272778908,0,0,71.83807688660025,0,0,1978.9,1738.2,0,0,1895.8303679044122,1850.734111850575,45.09625605383735,42.87340513090106,0,0,1818.5399999999997,0,1,0,0,0,-23.578302712161005,0,0,76.421697287839,74.30370106243295,0,0,37.70357142857146,0,71.83886193590541,0,0,35.714285714285715,100.0,0,1,0.02510618210983562,1,0,1926.821708437582,0,1,1903.835,1810.9650000000001,1,0,1960.7672619047617,0,0,1934.183731656189,1802.2137316561887,0,0,60.09999999999991,1,0,173811405,132569524.3,1,0,1912.6000000000001,0,1,1880.4574468962908,0,0,3.222692905785829,1,0,1.0,0,0,1943.3834924401192,0,0,0.3521914295153916,1,0,49.45935242026211,0,0,1752.0985429497075,1,0
2025-05-02 00:00:00+05:30,1929.8,1941.9,1920.0,1925.0,11406024,1862.2400000000002,1781.144,0,0,1900.3180036114259,1856.2352887505324,0,0,77.06198992880704,0,1,34.89012045699083,1,0,0,0,2000.4852724993566,1723.9947275006439,0,0,70.5004667142252,0,0,1978.9,1738.2,0,0,1900.3180036114259,1856.2352887505324,44.082714860893475,43.11526707689955,0,0,2006.6550000000002,1,0,0,0,0,-23.9130434782609,0,0,76.0869565217391,74.46175456580175,0,0,37.003571428571455,0,71.14342476085999,0,0,42.857142857142854,100.0,0,1,-0.021507380241589394,1,0,1931.6085746195818,0,0,1908.796,1815.6840000000002,1,0,1973.9174999999998,0,0,1938.7683762603613,1808.448376260361,0,0,47.0,1,0,173811405,136307665.05,1,0,1924.0666666666666,1,0,1892.270553268736,0,0,2.502662406815759,1,0,0.9641809437722209,0,1,1946.0639623837446,0,0,0.3546910523530622,1,0,43.557413072579585,0,0,1754.1179286948102,1,0
2025-05-05 00:00:00+05:30,1939.0,1952.0,1932.3,1936.8,7534012,1870.6875,1785.9260000000002,0,0,1905.9306184404372,1862.2030451393819,0,0,79.05953991880918,0,0,38.58031805892831,1,0,0,0,2005.2459235271263,1736.1290764728737,0,0,76.70422214635269,0,0,1978.9,1738.2,0,0,1905.9306184404372,1862.2030451393819,43.72757330105537,43.237728321730714,0,0,1842.31,0,1,0,0,0,-20.622091599314288,0,0,79.37790840068571,77.2955207367546,0,0,37.3964285714286,0,76.00954706400296,0,0,50.0,100.0,0,1,0.009265770386372664,0,1,1937.557979938428,0,0,1917.4546874999999,1823.9203125,1,0,1980.9508333333333,0,0,1942.3016261403268,1816.9516261403269,0,0,30.09999999999991,1,0,181345417,141135281.55,1,0,1928.9666666666665,1,0,1902.6660868764877,0,0,1.578643730004714,1,0,1.0,0,1,1950.6303342750825,0,0,0.3558474570186654,1,0,49.259540568060686,0,0,1755.516456295365,1,0
2025-05-06 00:00:00+05:30,1930.0,1940.1,1924.3,1931.7,8745078,1877.4275000000002,1790.6630000000002,0,0,1909.8951386803699,1867.3509677216498,0,0,74.12627920447963,0,0,40.984560010486,1,0,0,0,2009.9120431898034,1744.942956810197,0,0,62.53127044606063,0,0,1978.9,1738.2,0,0,1909.8951386803699,1867.3509677216498,42.54417095872009,43.09901684912859,0,0,2006.6550000000002,1,0,0,0,0,-38.0952380952381,0,0,61.9047619047619,72.4565422757289,0,0,34.639285714285734,0,70.53266635003715,0,0,57.14285714285714,100.0,0,1,-0.010383122267450216,1,0,1941.5834555743472,0,0,1924.3631875,1830.4918125000002,1,0,1982.2009523809522,0,0,1945.9909950793433,1823.1809950793433,0,0,4.600000000000136,1,0,172600339,145236305.05,1,0,1940.3666666666668,1,0,1911.8141564513091,0,0,0.23870063826476606,1,0,0.7293761299168845,0,1,1952.568918100911,0,0,0.3547631873501267,1,0,47.44725033590087,0,0,1757.0682560737716,1,0
2025-05-07 00:00:00+05:30,1934.0,1948.7,1922.4,1945.6,10710389,1884.9649999999997,1795.2279999999998,0,0,1915.3881942680052,1873.1471923348608,0,0,68.79366557987888,0,0,41.52590298612092,1,0,0,0,2014.7947674892628,1755.1352325107366,0,0,65.9136224863353,0,0,1978.9,1738.2,0,0,1915.3881942680052,1873.1471923348608,42.24100193314439,42.927413865931754,0,1,1849.3300000000002,0,1,0,0,0,-28.125000000000135,0,0,71.87499999999987,71.05255676848249,0,0,31.514285714285734,0,68.33733598654376,0,0,64.28571428571429,100.0,0,1,0.012433857851588473,0,1,1947.2410101860626,0,0,1932.0891249999995,1837.8408749999996,1,0,1979.2809523809524,0,0,1951.7318526908346,1829.0618526908345,0,0,-16.100000000000136,1,0,183310728,150154098.95,1,0,1932.033333333333,0,1,1919.8644576771521,0,0,-0.8207167252892944,0,0,0.43684495828114145,0,0,1957.078611556933,0,0,0.35300272976710456,1,0,50.220990017928344,0,0,1759.0802961137717,1,0
2025-05-08 00:00:00+05:30,1954.8,1954.8,1919.1,1928.5,17401715,1890.525,1799.3369999999998,0,0,1917.4053951498506,1877.2474003100563,0,0,61.545496113397355,0,0,42.236337524215195,1,0,0,0,2017.6497812190855,1763.4002187809147,0,0,56.22307768747854,0,0,1978.9,1738.2,0,0,1917.4053951498506,1877.2474003100563,40.157994839794355,42.373530060704276,0,0,2006.6550000000002,1,0,0,0,0,-49.315068493150754,0,0,50.68493150684925,61.48823113720368,0,0,32.40000000000003,0,60.24124693617799,0,0,71.42857142857143,100.0,0,1,0.01875395923146037,1,0,1948.9353444917276,0,0,1937.788125,1843.2618750000001,1,0,1973.8361904761903,0,0,1955.8457238631358,1832.205723863136,0,0,4.599999999999909,0,1,165909013,153363295.75,1,0,1938.9000000000003,1,0,1978.9,0,0,0.23909766619887307,0,0,0.014043518217840577,0,0,1956.0208598750892,0,0,0.3482968595204472,1,0,46.05280255683813,0,0,1761.9678953088219,1,0
2025-05-09 00:00:00+05:30,1910.1,1919.0,1886.8,1889.7,8594398,1897.125,1802.5870000000002,0,0,1913.1430266652583,1878.1698151019039,0,0,46.28496503496503,0,0,40.65062315946908,1,0,0,0,2007.8644975417076,1786.3855024582924,0,0,1.194626179893034,0,0,1978.9,1750.3,0,0,1913.1430266652583,1878.1698151019039,34.973211563354425,40.89346636123431,0,0,1857.5399999999997,0,1,0,0,0,-96.8512486427795,0,0,3.148751357220507,41.90289428802321,0,0,32.307142857142885,0,53.31264726310904,0,0,78.57142857142857,100.0,1,1,-0.0020018170127164437,1,0,1943.432849335321,0,0,1944.553125,1849.6968749999999,0,0,1965.9623809523807,0,0,1954.4887501618848,1832.7387501618848,0,0,-27.09999999999991,1,0,157314615,157092658.9,1,0,1934.1333333333332,0,1,1977.7040000000002,0,1,-1.4138146911519156,0,0,0.0,1,0,1944.9894224715297,0,0,0.33697418921960764,1,0,40.78649551427832,0,0,1763.034137804081,1,0
2025-05-12 00:00:00+05:30,1917.6,1959.9,1912.3,1957.2,9309486,1906.5275000000001,1807.989,0,0,1919.9210225629108,1884.0239028721332,0,0,55.454874954693764,0,0,38.92030957620512,1,0,0,0,2002.4590955580654,1810.5959044419349,0,0,72.73203238131192,0,0,1978.9,1753.5,0,0,1919.9210225629108,1884.0239028721332,35.89711969077757,39.894197027142965,0,0,1989.18,1,0,0,0,0,-23.561346362649306,1,0,76.4386536373507,43.42411216714015,1,0,34.17857142857146,0,51.14321605227398,0,0,85.71428571428571,7.142857142857142,1,1,0.016491433634348344,0,1,1950.156135575189,0,0,1954.1906875,1858.8643125,0,0,1959.7341666666666,0,0,1962.1345834798008,1837.2045834798005,0,0,46.0,0,1,166624101,160398399.55,1,0,1898.5,0,1,1974.0678400000002,0,0,2.4068647969861967,0,1,0.2797873031832652,1,0,1952.2115533739982,0,0,0.3282983940681161,1,0,51.888075998868,0,0,1764.774059797601,1,0
2025-05-13 00:00:00+05:30,1950.0,1961.7,1920.0,1922.6,12121051,1914.4075,1812.5909999999997,0,0,1920.3331729378476,1886.8813915482715,0,0,42.914099311344664,0,0,36.39533043103646,1,0,0,0,1983.537494061535,1845.277505938465,0,0,54.419607816056384,0,0,1978.9,1774.75,0,0,1920.3331729378476,1886.8813915482715,33.45178138957613,38.6057138996296,0,0,1857.5399999999997,0,1,0,0,0,-61.12920738327915,0,0,38.87079261672085,39.486065870430686,0,0,34.05000000000003,0,39.83184286505701,0,0,92.85714285714286,14.285714285714285,1,0,-0.02667448096190888,1,0,1949.7658255620613,1,0,1962.2676875,1866.5473125,1,0,1954.3744047619045,0,0,1966.3384326722007,1837.3684326722005,0,0,2.3999999999998636,1,0,154503050,163659452.85,1,0,1943.1333333333332,1,0,1970.5771264000002,0,0,0.1249869805228565,1,0,0.0,0,0,1949.1647666917004,1,0,0.31740004906462005,1,0,46.84159223830905,0,0,1766.5942305745007,1,0
2025-05-14 00:00:00+05:30,1922.1,1930.2,1903.0,1910.6,7722654,1919.6,1817.261,0,0,1918.8357617166403,1888.6383255076587,0,0,47.34106357457013,0,0,34.469263014445346,1,0,0,0,1966.8065115936627,1872.3934884063372,0,0,-23.68905243790367,0,0,1978.9,1855.0,0,0,1918.8357617166403,1888.6383255076587,30.19743620898157,36.924058361499995,0,0,1989.18,1,0,0,0,0,-68.22429906542065,0,0,31.775700934579337,49.02838239621696,0,0,31.821428571428605,0,41.91008624192694,0,0,100.0,21.428571428571427,1,0,-0.0686928233913904,0,1,1947.136099720121,0,1,1967.5899999999997,1871.61,0,0,1948.732380952381,0,0,1965.426439084372,1839.946439084372,0,0,1.7999999999999545,1,0,146780396,165714979.3,0,1,1934.7666666666664,0,1,1967.2260413440001,0,0,0.09430008382229627,0,0,0.12247642271958464,1,0,1943.2682189543275,0,1,0.3035936935841477,1,0,46.82982939829072,0,0,1767.6446445249421,1,0
2025-05-15 00:00:00+05:30,1913.5,1944.8,1897.0,1933.8,16120729,1923.045,1822.29,0,0,1921.1379522217726,1891.9836347293135,0,0,53.1930879038317,0,0,32.02892682488422,0,1,0,0,1962.9326039311584,1883.1573960688418,0,0,6.726212744732066,0,0,1978.9,1860.5,0,0,1921.1379522217726,1891.9836347293135,29.154317492459086,35.370110187691814,0,0,1857.5399999999997,0,1,0,0,0,-37.249666221628914,0,0,62.75033377837108,44.46560910989043,0,0,33.89285714285716,0,51.66582215863574,0,0,14.285714285714285,28.57142857142857,1,0,-0.026695424235151807,0,1,1948.6872676216567,0,0,1971.121125,1874.968875,0,0,1944.2347619047619,0,0,1970.989635362051,1840.3096353620508,0,0,8.799999999999955,1,0,162901125,167344083.6,0,1,1914.5999999999997,0,1,1964.0089996902402,0,0,0.45714285714284486,0,0,0.2843785666943645,1,0,1943.817624414421,0,0,0.290312394351977,1,0,50.9418947863269,0,0,1770.1366564041002,1,0
2025-05-16 00:00:00+05:30,1933.8,1943.8,1928.4,1934.7,7934005,1925.8799999999999,1826.97,0,0,1923.2244211107306,1895.1478099345495,0,0,54.49330783938815,0,0,30.089472001228597,1,0,0,0,1959.9183437039142,1891.8416562960856,0,0,49.33596982063521,0,0,1978.9,1876.7,0,0,1923.2244211107306,1895.1478099345495,28.07661117618113,33.91141038538968,0,0,1989.18,1,0,0,0,0,-36.048064085447216,0,0,63.951935914552784,52.82599020916774,0,0,32.050000000000004,0,57.39322457913677,0,0,21.428571428571427,35.714285714285715,0,0,-0.052326068747494875,0,1,1950.0023876425819,0,0,1974.0269999999998,1877.733,0,0,1939.4661904761906,0,0,1972.9663367561413,1843.8663367561414,0,0,9.700000000000045,1,0,170835130,168891467.65,0,1,1925.2,1,0,1960.9206397026305,0,0,0.5038961038960954,0,0,0.32035046007025925,0,0,1944.1843131230423,0,0,0.27747243599425264,1,0,48.40754607610075,0,0,1771.3424769970536,1,0
2025-05-19 00:00:00+05:30,1937.0,1945.0,1931.0,1938.7,5101482,1927.48,1831.096,0,0,1925.6052794013874,1898.373898087546,0,0,53.60623781676413,0,0,28.25186099099084,1,0,0,0,1960.7212932803152,1894.2387067196848,0,0,58.90165554731935,0,0,1978.9,1886.8,0,0,1925.6052794013874,1898.373898087546,27.23138131384144,32.575404571080036,0,0,1857.5399999999997,0,1,0,0,0,-30.707610146862446,0,0,69.29238985313756,65.33155318202049,0,0,31.528571428571436,0,56.8754248243691,0,0,28.57142857142857,42.857142857142854,0,0,-0.08333059441027958,0,1,1951.657012555391,0,0,1975.667,1879.293,0,0,1935.776785714286,0,0,1972.9504951603185,1849.6504951603183,0,0,1.900000000000091,1,0,175936612,169801348.7,1,0,1935.6333333333332,1,0,1957.9558141145253,0,0,0.09809995869476396,0,0,0.29580877493056196,0,0,1945.1899436689557,0,0,0.26535111529122357,1,0,50.23428193042337,0,0,1772.1272740715206,1,0
2025-05-20 00:00:00+05:30,1928.1,1934.6,1913.0,1914.9,11939545,1926.8700000000001,1835.3630000000003,0,0,1923.9583133396354,1899.5980537847647,0,0,51.134250650799586,0,0,26.7267832141998,1,0,0,0,1960.585034909487,1893.1549650905133,0,0,-44.309511761963044,0,0,1978.9,1886.8,0,0,1923.9583133396354,1899.5980537847647,24.36025955487071,30.93237556783817,0,0,1989.18,1,0,0,0,0,-62.483311081441784,0,0,37.516688918558216,56.92033822874953,0,0,31.321428571428587,0,55.92745002529457,0,0,35.714285714285715,50.0,0,0,-0.11645572539691884,0,1,1948.78680990023,0,0,1975.0417499999999,1878.6982500000001,0,0,1932.7930952380957,1,0,1971.38330514505,1851.90330514505,0,0,-16.799999999999955,1,0,163997067,169258070.05,1,0,1938.2333333333333,1,0,1955.1095815499443,0,0,-0.8697002640161489,0,0,0.2274187615728594,0,0,1939.827037285268,0,0,0.2512084248888602,1,0,51.44286390209793,0,0,1773.6771909223057,1,0
2025-05-21 00:00:00+05:30,1927.0,1946.9,1921.1,1926.8,7566020,1925.125,1839.6989999999998,0,0,1924.3954959027685,1901.6130127636711,0,0,50.34013605442176,0,0,22.795749830988665,1,0,0,0,1954.5951186753189,1895.6548813246811,0,0,29.877971726362695,0,0,1978.9,1886.8,0,0,1924.3954959027685,1901.6130127636711,22.782483139097394,29.302397082090017,0,0,1857.5399999999997,0,1,0,0,0,-46.595460614152266,0,0,53.40453938584773,53.40453938584784,0,0,31.600000000000005,0,53.340102299328116,0,0,42.857142857142854,57.14285714285714,0,0,-0.19900549319851968,0,1,1948.1999745662108,0,0,1973.2531249999997,1876.996875,0,0,1929.9454761904763,0,1,1971.8467998931403,1854.3267998931403,0,0,-18.799999999999955,0,1,171563087,167944048.65,0,1,1920.8333333333333,0,1,1952.3771982879466,0,0,-0.9662828947368363,0,0,0.2054487818732945,0,0,1938.1092745011351,0,0,0.23708912356783518,1,0,41.46667405275645,0,0,1774.7233683404813,1,0
2025-05-22 00:00:00+05:30,1915.2,1924.2,1905.2,1919.9,10653335,1924.925,1844.297,0,0,1923.7038811484965,1902.9676044108066,0,0,49.060773480663,0,0,18.544277579516407,0,0,0,0,1954.4842803131626,1895.3657196868373,0,0,-63.04554344789192,0,0,1961.7,1886.8,0,0,1923.7038811484965,1902.9676044108066,20.736276737689877,27.58917301320999,0,0,1989.18,1,0,0,0,0,-55.80774365821082,0,0,44.19225634178918,45.037828215398385,0,0,31.578571428571422,0,45.585676065429695,0,0,50.0,64.28571428571429,0,0,-0.11024298365293358,0,1,1946.3406067317633,0,0,1973.0481249999998,1876.8018749999999,0,0,1927.5114285714285,0,0,1968.5556760937939,1858.9156760937935,0,0,-8.599999999999909,0,1,160909752,166861626.55,1,0,1931.6000000000001,1,0,1949.7541103564288,0,0,-0.44594244231267455,0,0,0.170053928407473,0,0,1934.7635515151703,0,0,0.22241107560523332,1,0,48.177713839829984,0,0,1776.106687023587,1,0
2025-05-23 00:00:00+05:30,1920.1,1937.0,1914.5,1933.6,4783036,1925.7649999999999,1849.145,0,0,1925.2263609718048,1905.236670750747,0,0,49.4147768836869,0,0,14.100487510761413,0,0,0,1,1955.3069256044962,1896.2230743955035,0,0,13.205268034106272,0,0,1961.7,1886.8,0,0,1925.2263609718048,1905.236670750747,19.9896902210578,26.069276454779555,0,0,1857.5399999999997,0,1,0,0,0,-37.516688918558216,0,0,62.483311081441784,53.36003560302624,0,0,31.25714285714285,0,44.48789473500794,0,0,57.14285714285714,71.42857142857143,0,0,-0.11394180859263739,0,1,1946.9631076393955,0,0,1973.9091249999997,1877.6208749999998,0,0,1927.7845238095238,0,0,1970.8175164658135,1860.4375164658134,0,0,43.899999999999864,0,1,165692788,166666650.1,0,1,1916.4333333333334,0,1,1947.2359459421716,0,0,2.323120071969087,0,0,0.2082737442434144,1,0,1935.2236840207297,0,0,0.20898931797297404,1,0,53.28118331886543,0,0,1776.7775776905726,1,0
2025-05-26 00:00:00+05:30,1935.0,1949.9,1926.9,1940.2,5401430,1927.2150000000001,1854.1640000000002,0,0,1927.5299977453733,1907.8265469914325,0,0,51.54601673335758,0,0,10.919358929065302,0,0,0,1,1956.5932071037723,1897.836792896228,0,0,81.71035290672394,0,0,1961.7,1886.8,0,0,1927.5299977453733,1907.8265469914325,19.703450753940842,24.796111314611814,0,0,1989.18,1,0,0,0,0,-28.704939919893157,0,0,71.29506008010684,59.323542501112605,0,0,31.77142857142857,0,49.59521013291221,0,0,64.28571428571429,78.57142857142857,0,1,-0.1091025928504384,0,1,1948.512586838766,0,0,1975.395375,1879.034625,0,0,1927.8666666666666,1,0,1971.337752992879,1864.5977529928787,0,0,-17.0,1,0,171094218,167204267.1,0,1,1928.3666666666668,1,0,1886.8,0,0,-0.8685877784590179,1,0,0.3335418118080315,0,0,1937.084693836455,0,0,0.19725909938761443,1,0,49.590775764041496,0,0,1777.559965709501,1,0
2025-05-27 00:00:00+05:30,1931.6,1948.0,1916.3,1926.3,13081074,1927.52,1858.94,0,0,1927.340767323008,1909.194950917993,0,0,46.489632593670436,0,0,8.080277640550568,0,0,1,0,1956.7176639296351,1898.3223360703648,0,0,14.051733004217207,0,0,1961.7,1886.8,0,0,1927.340767323008,1909.194950917993,18.14581640501501,23.466052332692456,0,0,1857.5399999999997,0,1,0,0,0,-47.26301735647536,0,0,52.736982643524634,62.171784601691094,0,0,32.15714285714286,0,40.93597170292644,0,0,71.42857142857143,85.71428571428571,0,1,-0.13347239560013993,0,1,1947.312052401562,0,0,1975.7079999999999,1879.3319999999999,0,0,1928.8904761904764,0,0,1973.1713003268903,1864.3513003268902,0,0,3.7000000000000455,0,1,158013144,166739818.1,1,0,1939.0,1,0,1888.062,1,0,0.19244772703630453,0,0,0.19190902970473162,0,0,1935.0128721811373,1,0,0.18533119381372032,1,0,46.71250529790409,0,0,1779.2647392421386,1,0
2025-05-28 00:00:00+05:30,1920.2,1934.5,1917.7,1923.5,9078797,1928.2549999999999,1863.7,0,0,1926.7498800425453,1910.2545841833269,0,0,49.04067536454336,0,0,5.522216766858049,0,0,0,1,1956.1808774540657,1900.329122545934,0,0,-31.915043450089904,0,0,1961.7,1886.8,0,0,1926.7498800425453,1910.2545841833269,16.49529585921846,22.07190103799766,0,0,1989.18,1,0,0,0,0,-51.00133511348465,0,0,48.99866488651535,57.67690253671561,0,0,30.807142857142853,0,43.59238522132202,0,0,78.57142857142857,92.85714285714286,1,1,-0.12895110099462995,0,1,1945.6602714418761,0,0,1976.4613749999996,1880.048625,0,0,1930.4523809523812,0,1,1972.4426050576626,1865.9826050576626,0,0,12.900000000000091,1,0,148934347,166294386.95,0,1,1930.2,0,1,1889.29876,0,0,0.6751805715482062,0,0,0.4885324662073735,1,0,1932.4646283831376,0,1,0.17313506952538749,1,0,45.8727141341703,0,0,1780.4030324653145,1,0
2025-05-29 00:00:00+05:30,1928.0,1940.8,1907.3,1927.5,14458897,1928.3799999999999,1868.0269999999998,0,0,1926.865283112923,1911.5320223919693,0,0,58.370239149689986,0,0,6.179411075689399,0,0,0,1,1956.266884296924,1900.4931157030758,0,0,-32.93583191368621,0,0,1961.7,1886.8,0,0,1926.865283112923,1911.5320223919693,15.333260720953604,20.72417297458885,0,0,1857.5399999999997,0,1,0,0,0,-52.85935085007731,0,0,47.14064914992269,49.62543222665423,0,0,30.221428571428564,0,41.66711114867768,0,0,85.71428571428571,100.0,1,1,-0.12342901716168558,0,1,1944.8062353475746,0,0,1976.5894999999998,1880.1705,0,0,1929.397142857143,0,0,1973.9218807664568,1866.0818807664566,0,0,-6.2999999999999545,1,0,163393244,165773478.9,0,1,1925.2333333333333,0,1,1890.5107848,0,0,-0.3257834315854802,0,0,1.0,0,0,1931.2369020807598,0,0,0.16136319306496727,1,0,51.906935986515975,0,0,1782.2288980203443,1,0
2025-05-30 00:00:00+05:30,1931.9,1948.8,1925.4,1944.9,14374039,1929.375,1872.7930000000001,0,0,1929.639854941704,1914.0037244370087,0,0,46.499715424018234,0,0,5.922170746025351,0,0,1,0,1958.1597090255361,1900.5902909744639,0,0,81.62880319077226,0,0,1961.7,1886.8,0,0,1929.639854941704,1914.0037244370087,15.636130504695302,19.70656448061014,0,0,1989.18,1,0,0,0,0,-25.965996908809803,0,0,74.03400309119019,56.72443904254275,0,0,26.87857142857141,0,43.777710153419086,0,0,92.85714285714286,78.57142857142857,1,1,-0.04374322378310481,0,1,1946.9772283659406,0,0,1977.6093749999998,1881.140625,0,0,1929.7435714285714,0,0,1976.4431302172702,1868.3031302172703,0,0,10.200000000000045,0,1,177767283,165971272.8,0,1,1925.2,1,0,1891.698569104,0,0,0.5272135214761997,0,0,0.23198652122556318,0,1,1934.4526319082963,0,0,0.15186275307934594,1,0,54.314149870124815,0,0,1784.2117615310538,1,0
2025-06-02 00:00:00+05:30,1930.1,1936.0,1908.0,1932.1,7334411,1929.1399999999999,1877.2269999999999,0,0,1930.0183387968264,1915.3441892935266,0,0,53.086419753086425,0,0,7.07087609130892,0,0,0,1,1957.7456600950622,1900.5343399049375,0,0,-29.074938848119114,0,0,1961.7,1886.8,0,0,1930.0183387968264,1915.3441892935266,14.674149503299759,18.700081485148065,0,0,1863.84,0,1,0,0,0,-33.64839319470728,0,0,66.35160680529272,62.50875301546855,0,0,26.53571428571427,0,45.34086562319146,0,0,100.0,85.71428571428571,1,1,0.002566746525558038,0,1,1946.5327826921443,0,0,1977.3684999999996,1880.9115,0,0,1929.670238095238,1,0,1978.1994987680066,1868.3994987680064,0,0,-6.600000000000136,1,0,170432872,165425645.55,1,0,1939.7,1,0,1892.8625977219199,0,0,-0.3404343116521491,0,0,0.5552567647376213,0,0,1933.8347147586364,1,0,0.1426683906899484,1,0,56.10945259176689,0,0,1785.125895105609,1,0
2025-06-03 00:00:00+05:30,1938.0,1952.0,1920.0,1924.6,12188792,1928.7849999999999,1881.075,0,0,1929.1847482126993,1916.0298049014136,0,0,54.685408299866126,0,0,6.959580912211364,0,0,0,1,1957.433084348568,1900.1369156514318,0,0,27.811912051599236,0,0,1961.7,1886.8,0,0,1929.1847482126993,1916.0298049014136,13.154943311285706,17.591053850375594,0,0,1989.18,1,0,0,0,0,-49.81818181818198,0,0,50.18181818181802,63.52247602610032,0,0,26.87857142857141,0,52.589936526273505,0,0,0.0,92.85714285714286,1,1,-0.036971110053863915,1,0,1944.744540129568,0,0,1977.0046249999996,1880.565375,0,0,1929.6214285714282,0,0,1979.9433560281964,1866.9033560281964,0,0,9.699999999999818,0,1,158244080,164707832.6,1,0,1925.3666666666668,0,1,1894.0033457674815,0,0,0.5065538670426584,0,0,0.6898448886048779,0,0,1931.3695201782364,0,1,0.1330241676012367,1,0,50.08327233789527,0,0,1786.5440593985425,1,0
2025-06-04 00:00:00+05:30,1921.0,1943.3,1920.9,1941.2,6480771,1928.565,1885.0169999999998,0,0,1931.0332484876687,1917.8942637976052,0,0,52.59103641456585,0,0,6.57492799581272,0,0,1,0,1956.732938100661,1900.3970618993392,0,0,54.98340284279727,0,0,1961.7,1886.8,0,0,1931.0332484876687,1917.8942637976052,13.13898469006358,16.700640018313194,0,0,1863.84,0,1,0,0,0,-23.076923076923002,0,0,76.92307692307699,64.48550063672924,0,0,25.06428571428569,0,49.104474135659466,0,0,7.142857142857142,100.0,0,1,-0.05222684900865572,0,1,1945.9811616470288,0,0,1976.7791249999998,1880.350875,0,0,1930.7171428571428,0,1,1981.2463697397966,1868.9863697397968,0,0,14.400000000000091,1,0,164724851,163778538.75,0,1,1932.2,0,1,1896.3232119367822,0,0,0.7473531243512577,0,0,0.5135599594285035,0,0,1933.3874015415429,0,0,0.12494251395123168,1,0,52.05459043408071,0,0,1787.3756775960142,1,0
2025-06-05 00:00:00+05:30,1948.0,1958.9,1940.2,1949.6,11127709,1929.6200000000001,1888.634,0,0,1933.8896717972582,1920.2428368496344,0,0,54.95675316034593,0,0,6.3870763117896185,0,0,0,1,1959.3167550947653,1899.923244905235,0,0,157.31420492673706,0,0,1961.7,1886.8,0,0,1933.8896717972582,1920.2428368496344,13.646834947623802,16.089879004175316,0,0,1989.18,1,0,0,0,0,-17.31843575419027,0,0,82.68156424580974,69.92881978356826,0,0,25.299999999999986,0,50.35501873342439,0,0,0.0,71.42857142857143,0,1,-0.0114347427580975,0,1,1948.4215004081782,0,0,1977.8605,1881.3795,0,0,1932.9771428571428,1,0,1981.8781440502923,1873.0181440502922,0,0,29.699999999999818,1,0,175852560,164275716.1,1,0,1935.1333333333332,1,0,1898.5502834593108,0,0,1.5469555706026261,0,0,0.7126841989717654,0,0,1937.0797639115385,1,0,0.11886830802423365,1,0,54.151020324023825,0,0,1788.8597703542944,1,0
2025-06-06 00:00:00+05:30,1944.0,1996.3,1942.7,1978.7,15063504,1934.0699999999997,1892.8010000000002,0,0,1940.783568443834,1924.5729970829948,0,0,61.40250855188141,0,0,7.382020066107876,0,0,1,0,1965.2171955314484,1902.922804468551,0,0,293.95278311179226,0,1,1996.3,1897.0,0,0,1940.783568443834,1924.5729970829948,16.21057136083914,16.11401747550808,0,0,1881.9,0,1,0,0,0,-19.319429198682688,0,1,80.68057080131732,80.09507065673469,0,1,28.12857142857141,0,53.898966649132916,0,0,0.0,78.57142857142857,0,1,0.04946160187303643,0,1,1955.4984621908789,1,0,1982.4217499999995,1885.7182499999997,0,0,1937.3090476190478,0,0,1988.8992731883595,1875.7592731883597,0,0,45.100000000000136,1,0,190916064,165955788.55,1,0,1949.5666666666668,1,0,1902.1712664517522,0,0,2.3324369052544647,1,0,1.0,0,0,1947.2970233583994,0,0,0.11714309250669963,1,0,57.29529490187155,0,0,1791.1820164876544,1,0
2025-06-09 00:00:00+05:30,1995.0,1995.0,1975.9,1978.9,6601294,1935.155,1896.379,0,0,1946.6476348370902,1928.5972195212914,0,0,71.08036890645583,0,0,9.720741753098583,0,0,1,0,1970.8713960579598,1899.4386039420401,1,0,286.6818612919405,0,1,1996.3,1897.0,1,0,1946.6476348370902,1928.5972195212914,18.050415315798773,16.501297043566222,1,0,1989.18,1,0,0,0,0,-19.099890230515786,0,1,80.90010976948422,81.42074827220377,0,1,27.657142857142826,0,60.76631010335265,0,0,7.142857142857142,85.71428571428571,0,1,-0.014048878039004068,1,0,1961.5736499270702,0,0,1983.5338749999999,1886.7761249999999,0,0,1941.8838095238098,0,0,1990.484580503754,1883.0445805037539,0,0,38.700000000000045,1,0,197517358,167500451.4,1,0,1972.5666666666666,1,0,1909.701565135612,0,0,1.9946397278631123,1,0,1.0,0,1,1955.6929191769004,0,0,0.11817920899621637,1,0,55.28293852695132,0,0,1792.1829541563138,1,0
2025-06-10 00:00:00+05:30,1982.8,1982.8,1961.1,1965.3,7766563,1937.2900000000002,1899.256,0,0,1949.517229477538,1931.3159440011957,0,0,62.540716612377814,0,1,10.782675134296005,0,0,1,0,1974.9010789948727,1899.6789210051277,0,0,163.6467861326433,0,1,1996.3,1897.0,0,0,1949.517229477538,1931.3159440011957,18.201285476342264,16.84129473012143,0,0,1899.0200000000002,0,1,0,0,0,-34.028540065861726,0,1,65.97145993413828,75.85071350164661,0,1,26.921428571428546,0,55.17006084794421,0,0,14.285714285714285,92.85714285714286,0,1,0.015668149865730847,0,1,1964.3773286352691,0,0,1985.72225,1888.8577500000001,0,0,1947.7052380952382,0,0,1991.2022395033964,1887.7622395033964,0,0,39.0,1,0,189750795,169262838.65,1,0,1983.2666666666667,1,0,1916.6294399247631,0,0,2.0246067590717898,1,0,0.6527288900398636,0,1,1959.1150889864539,0,0,0.11938380067240129,1,0,50.96605643963262,0,0,1793.2622109718911,1,0
2025-06-11 00:00:00+05:30,1967.6,1967.6,1947.0,1950.4,5548197,1939.2800000000002,1902.1330000000003,0,0,1949.6530403271474,1932.729577778885,0,0,59.44272445820431,0,0,12.226855205815829,0,0,1,0,1975.1148022546834,1903.445197745317,0,0,78.59336934646714,0,1,1996.3,1897.0,0,0,1949.6530403271474,1932.729577778885,16.923462548262478,16.85772829374964,0,0,1989.18,1,0,0,0,0,-51.573033707865015,0,0,48.426966292134985,65.09951199858584,0,0,26.849999999999973,0,57.20850847686022,0,0,21.428571428571427,100.0,0,1,0.014237074155214557,1,0,1964.1160934467123,0,0,1987.762,1890.7980000000002,0,0,1953.1033333333335,0,0,1991.5820262173586,1889.4620262173587,0,0,26.90000000000009,1,0,184202598,171133948.75,1,0,1969.7333333333333,0,1,1923.0030847307821,0,0,1.398492331687029,1,0,0.5267468082197769,0,0,1958.085321634452,0,0,0.11888699518227686,1,0,46.30456183471398,0,0,1793.9589317203943,1,0
2025-06-12 00:00:00+05:30,1950.0,1961.0,1935.3,1943.4,8174565,1939.7599999999998,1904.494,0,0,1948.691034122971,1933.5199794248936,0,0,53.165374677002625,0,0,12.782176746763014,0,0,1,0,1975.5428774107131,1903.9771225892864,0,0,32.05362583790426,0,0,1996.3,1905.2,0,0,1948.691034122971,1933.5199794248936,15.171054698077342,16.52039357461518,0,0,1899.0200000000002,0,1,0,0,0,-59.438202247190866,0,0,40.56179775280914,51.65340799302748,0,0,27.078571428571404,0,52.29674363394598,0,0,28.57142857142857,71.42857142857143,0,1,-0.04863470190832616,1,0,1962.5719644194198,0,1,1988.2539999999997,1891.2659999999996,0,0,1957.2485714285715,0,1,1989.6461189585625,1891.9461189585627,0,0,15.900000000000091,1,0,176028033,171790294.15,1,0,1955.0,0,1,1928.8668379523197,0,0,0.8249027237354101,1,0,0.27147385903452137,0,0,1955.3465387337812,0,1,0.1163255950819897,1,0,47.25006967893301,0,0,1794.9288451457955,1,0
2025-06-13 00:00:00+05:30,1920.0,1933.0,1913.0,1917.6,6058881,1938.9050000000002,1906.2820000000002,0,0,1943.9077981040523,1932.3407216897162,0,0,43.50574712643677,0,0,12.89500577119395,0,0,1,0,1975.9904191804562,1901.8195808195442,0,0,-85.12943726002892,0,0,1996.3,1905.2,0,0,1943.9077981040523,1932.3407216897162,11.567076414336043,15.529730142559353,0,1,1989.18,1,0,0,0,0,-88.42696629213488,0,0,11.573033707865116,33.52059925093642,0,0,27.60714285714284,0,48.14333648768937,0,0,35.714285714285715,78.57142857142857,0,1,-0.059141436049772116,0,1,1956.6596927900919,0,0,1987.377625,1890.432375,0,0,1959.3485714285714,0,0,1987.8969647720328,1889.276964772033,0,0,-27.300000000000182,1,0,169969152,171746995.25,1,0,1946.5666666666668,0,1,1996.3,0,0,-1.4036711399043722,0,0,0.0,0,0,1946.5402428222303,0,0,0.10963876895790925,1,0,40.32823860336645,0,0,1795.516130357563,1,0
2025-06-16 00:00:00+05:30,1924.0,1938.9,1920.1,1935.4,8256873,1938.7399999999998,1909.6329999999998,0,0,1942.5989060880443,1932.5673348978855,0,0,52.55761663856102,0,0,12.937200351055038,0,0,0,1,1975.8586093206006,1901.621390679399,0,0,-34.57298999629562,0,0,1996.3,1905.2,0,0,1942.5989060880443,1932.5673348978855,10.03157119015873,14.430098352079229,0,0,1899.0200000000002,0,1,0,0,0,-68.42696629213468,1,0,31.57303370786532,27.902621722846533,1,0,26.864285714285707,0,56.073970123789856,0,0,42.857142857142854,85.71428571428571,0,1,-0.0330091848371818,0,1,1954.5399667097374,0,0,1987.2084999999995,1890.2714999999998,0,0,1959.7516666666666,0,0,1988.0734443175536,1888.4934443175537,0,0,3.300000000000182,0,1,178226025,171861465.9,0,1,1921.2,0,1,1994.634,0,1,0.1707986129082517,0,1,0.32826812945385003,1,0,1943.6004697653416,0,0,0.10208646465958982,1,0,43.43816704444588,0,0,1796.4228503538334,1,0
2025-06-17 00:00:00+05:30,1937.0,1941.6,1919.1,1929.6,8489368,1939.475,1912.287,0,0,1940.5990743821912,1932.3475323128569,0,0,51.686014372581496,0,0,12.824902644289077,0,0,0,1,1975.1604606984947,1903.789539301505,0,0,-44.062051883718425,0,0,1996.3,1905.2,0,0,1940.5990743821912,1932.3475323128569,8.251542069334391,13.194387095530262,0,0,1989.18,1,0,0,0,0,-74.94382022471915,0,0,25.056179775280846,22.73408239700377,0,0,27.27142857142857,0,56.31305182130898,0,0,50.0,92.85714285714286,0,1,0.01718176677904771,0,1,1951.6233338606037,0,0,1987.9618749999997,1890.9881249999999,0,0,1959.4990476190474,0,0,1987.3364496206436,1887.5764496206439,0,0,5.0,1,0,169736657,172148445.4,1,0,1931.4666666666665,1,0,1993.00132,0,0,0.25979424295956566,0,0,0.29665927284167704,0,0,1939.6762153783707,0,0,0.09349376151810418,1,0,39.09547290538336,0,0,1797.304528929889,1,0
2025-06-18 00:00:00+05:30,1917.0,1936.3,1917.0,1933.9,9216908,1939.83,1915.068,0,0,1939.5684475541618,1932.462529919312,0,0,51.766004415011054,0,0,11.93361905239673,0,0,1,0,1975.1236612767286,1904.5363387232712,0,0,-48.05703092184549,0,0,1996.3,1905.2,0,0,1939.5684475541618,1932.462529919312,7.105917634849902,11.976693203394191,0,0,1899.0200000000002,0,1,0,0,0,-70.66817667044157,0,0,29.331823329558443,28.653678937568213,0,0,26.25714285714285,0,58.61128228289903,0,0,57.14285714285714,100.0,0,1,0.07756649399617746,1,0,1949.777163457513,0,0,1988.3257499999997,1891.3342499999999,0,0,1958.250714285714,0,0,1986.3477401329635,1887.8877401329635,0,0,-7.2999999999999545,1,0,178953565,172517969.3,0,1,1930.0999999999997,0,1,1991.4012936000001,0,0,-0.3760560478054842,0,0,0.29956013012514915,0,0,1937.4727681593456,0,0,0.08483241131496122,1,0,44.72027983748451,0,0,1798.279330787365,1,0
2025-06-19 00:00:00+05:30,1933.9,1946.8,1925.6,1935.3,8438110,1940.6,1917.428,0,0,1938.91176331506,1932.6727128882517,0,0,47.09443099273605,0,0,11.742747973082116,0,0,1,0,1974.715161006904,1906.4848389930958,0,0,-21.40069829533706,0,0,1996.3,1907.3,0,0,1938.91176331506,1932.6727128882517,6.239050426808262,10.829164648077006,0,0,1989.18,1,0,0,0,0,-69.0826727066818,0,0,30.9173272933182,28.43511013271917,0,0,26.100000000000005,0,56.576564575687414,0,0,64.28571428571429,92.85714285714286,0,1,0.042519207244292985,1,0,1948.3631617734918,0,0,1989.1149999999998,1892.0849999999998,0,0,1957.358333333333,0,0,1986.3946220250623,1887.4946220250622,0,0,-14.299999999999955,0,1,187391675,173842065.45,1,0,1929.0666666666668,1,0,1989.8332677280002,0,0,-0.733483791546985,0,0,0.1301444456764838,0,0,1935.9897877048404,0,0,0.07647590195802856,1,0,45.43688823258445,0,0,1799.1687323061044,1,0
2025-06-20 00:00:00+05:30,1931.6,1969.9,1931.6,1964.7,16450204,1942.155,1921.568,0,0,1942.8791843435122,1935.0451045261589,0,0,58.96589658965896,0,0,12.375721819320372,0,0,1,0,1977.7305963074728,1906.5794036925272,0,0,65.30444927947369,0,0,1996.3,1907.3,0,0,1942.8791843435122,1935.0451045261589,7.834079817353313,10.230147681932268,0,0,1899.0200000000002,0,1,0,0,0,-37.93517406962776,0,0,62.06482593037224,40.77132551774964,0,0,26.200000000000014,0,65.25860052073672,0,0,71.42857142857143,100.0,0,1,0.08461702540412008,1,0,1952.1890846646027,0,0,1990.7088749999998,1893.601125,0,0,1955.0759523809522,0,0,1990.6179913560086,1888.5579913560086,0,0,-14.0,0,1,203841879,175749520.0,1,0,1935.8999999999999,1,0,1988.2966023734402,0,0,-0.7075352504169352,0,0,0.5606658755488287,1,0,1942.0779187235923,0,0,0.07151597040238045,1,0,53.7087945797053,0,0,1801.237238000018,1,0
2025-06-23 00:00:00+05:30,1948.4,1957.9,1941.8,1948.4,5869759,1942.5649999999998,1925.1529999999998,0,0,1943.7285405983564,1936.0343560427398,0,0,56.24344176285416,0,0,13.414487201403729,0,0,1,0,1978.2346111262154,1906.8953888737842,0,0,33.45476344185118,0,0,1996.3,1907.3,0,0,1943.7285405983564,1936.0343560427398,7.69418455561663,9.722955056669141,0,0,1989.18,1,0,0,0,0,-57.503001200480064,0,0,42.49699879951994,45.15971734107014,0,0,25.55000000000002,0,58.75970369650682,0,0,78.57142857142857,42.857142857142854,1,1,0.07460791245662222,1,0,1952.625474783995,1,0,1991.1291249999997,1894.0008749999997,0,0,1950.7340476190477,1,0,1990.7672302744838,1890.087230274484,0,0,-30.5,0,1,197972120,177093415.1,1,0,1955.3999999999999,1,0,1986.7906703259714,0,0,-1.541260296124114,0,0,0.46193542519039343,0,0,1943.0493716754409,1,0,0.06724651602585396,1,0,54.2773673702281,0,0,1801.8905060680659,1,0
2025-06-24 00:00:00+05:30,1965.0,1979.0,1955.6,1960.9,11312661,1944.295,1929.0710000000001,0,0,1946.3703035832248,1937.8762555951294,0,0,55.28150134048257,0,0,15.244292157419993,0,0,1,0,1979.9993105167207,1908.5906894832794,0,0,93.5159176029969,0,0,1996.3,1907.3,0,0,1946.3703035832248,1937.8762555951294,8.494047988095417,9.477173642954398,0,0,1899.0200000000002,0,1,0,0,0,-42.49699879951967,0,0,57.50300120048033,54.02160864345751,0,0,26.135714285714307,0,60.355091330510795,0,0,85.71428571428571,50.0,1,0,0.06822093314419188,1,0,1955.120627983625,0,1,1992.902375,1895.687625,0,0,1946.5169047619047,0,1,1991.88701786739,1892.8670178673901,0,0,-4.399999999999864,0,1,209284781,179656996.95,1,0,1949.3666666666668,0,1,1985.314856919452,0,0,-0.22388439424005924,0,1,0.4270504345622128,0,0,1946.9404771591553,0,0,0.06475656725040135,1,0,55.55946694593012,0,0,1803.2393488080277,1,0
2025-06-25 00:00:00+05:30,1966.0,1982.0,1963.9,1980.2,9202966,1947.1300000000003,1932.54,0,0,1951.5748722627286,1941.011347773268,0,0,57.75075987841946,0,0,16.250258394914464,0,0,1,0,1984.8304313810409,1909.4295686189598,0,0,122.10526315789444,0,0,1996.3,1907.3,0,0,1951.5748722627286,1941.011347773268,10.563524489460633,9.694443812255646,0,0,1989.18,1,0,0,0,0,-19.327731092436874,0,0,80.67226890756312,60.224089635854476,0,0,26.30714285714287,0,59.7908520359071,0,0,92.85714285714286,57.14285714285714,1,0,0.12109728192262598,1,0,1960.5800882479173,1,0,1995.8082500000003,1898.4517500000002,0,0,1943.9642857142858,1,0,1995.6192066419244,1896.3392066419242,0,0,29.799999999999955,0,1,218487747,183134666.95,1,0,1965.1666666666667,1,0,1983.868559781063,0,0,1.527891714520102,0,0,0.5165986632790305,0,0,1954.927215839498,0,0,0.06538880324331586,1,0,56.96602028502757,0,0,1804.4521547523107,1,0
2025-06-26 00:00:00+05:30,1981.4,2027.1,1980.0,2021.8,25042415,1951.845,1935.678,0,0,1962.3787380684626,1946.9956923826555,0,0,60.26679371129105,0,0,16.270398780305435,0,0,1,0,2001.0426240333527,1902.6473759666474,0,0,216.96553244653572,0,1,2027.1,1908.0,0,0,1962.3787380684626,1946.9956923826555,15.38304568580702,10.83216418696592,1,0,1921.1399999999999,0,1,1,0,0,-4.645048203330376,0,1,95.35495179666962,77.84340730157105,0,1,25.842857142857156,0,62.88821227650965,0,0,0.0,64.28571428571429,1,0,0.19571282847879107,1,0,1972.4740216213165,0,0,2000.6411249999999,1903.048875,0,0,1945.3947619047617,0,0,2004.2002345807887,1902.2002345807887,0,0,78.39999999999986,1,0,243530162,187141512.85,1,0,1975.3666666666668,1,0,1913.0,0,0,4.034166923947713,1,0,0.6078432088232506,0,0,1971.8192265571795,0,0,0.07215752882274717,1,0,62.60061309276354,0,0,1808.4313352493575,1,0
2025-06-27 00:00:00+05:30,2013.0,2019.8,1993.4,2014.9,14106692,1955.345,1938.4160000000002,0,0,1970.458932211776,1952.0256410950515,0,0,58.31024930747921,0,0,15.37304058434403,0,0,1,0,2011.8756242109978,1898.8143757890023,1,0,176.50203889460812,0,1,2027.1,1908.0,1,0,1970.458932211776,1952.0256410950515,18.433291116724604,12.352389572917657,0,0,2088.41,1,0,0,1,1,-10.692375109552872,0,1,89.30762489044713,88.44494853155997,0,1,26.507142857142867,0,54.86779780044883,0,0,7.142857142857142,71.42857142857143,0,0,0.19245603177580117,1,0,1981.5138506768421,0,0,2004.228625,1906.461375,1,0,1952.3509523809523,0,0,2010.3764027159516,1907.7764027159517,1,0,97.30000000000018,1,0,229423470,189724322.2,1,0,2009.6333333333332,1,0,1915.282,1,0,5.074050896954541,1,0,0.7777528717330928,0,0,1983.953686920641,0,0,0.08189024446689785,1,0,63.51114435026019,0,0,1810.5389220067368,1,0
2025-06-30 00:00:00+05:30,2011.5,2013.8,1995.5,2001.5,6824510,1958.815,1940.312,0,0,1975.2344811022722,1955.690408421344,0,0,58.3641404805915,0,0,16.41734243668319,0,0,1,0,2017.8043219596905,1899.8256780403096,0,0,135.26068692859025,0,1,2027.1,1913.0,0,0,1975.2344811022722,1955.690408421344,19.54407268092814,13.790726194519754,0,0,1924.79,0,1,0,0,0,-22.436459246275138,0,1,77.56354075372487,87.40870581361389,0,1,26.342857142857156,0,55.18475037676848,0,0,14.285714285714285,78.57142857142857,0,1,0.1551574761095814,1,0,1986.935082535319,0,0,2007.785375,1909.844625,1,0,1962.4047619047622,0,0,2013.4467453144323,1912.7867453144324,1,0,66.09999999999991,1,0,222598960,192332626.6,1,0,2009.3666666666668,1,0,1917.51836,0,0,3.415314663635427,1,0,0.8864836261227962,0,0,1990.477198890107,0,0,0.09166044151018848,1,0,63.09647826720511,0,0,1811.477311336549,1,0
2025-07-01 00:00:00+05:30,2005.0,2016.0,2004.0,2012.1,7194693,1963.19,1942.0120000000002,0,0,1980.9060993942303,1959.8688966864297,0,0,64.54502593116447,0,0,18.353788227541063,0,0,1,0,2024.4308154230912,1901.949184576909,0,0,134.28745083198532,0,1,2027.1,1913.0,0,0,1980.9060993942303,1959.8688966864297,21.03720270780059,15.240021497175922,0,0,2085.89,1,0,0,0,0,-13.146362839614383,0,0,86.85363716038562,84.57493426818587,0,0,25.907142857142876,0,59.56237085140128,0,0,21.428571428571427,85.71428571428571,0,1,0.21588724600320244,1,0,1993.3754800833551,0,0,2012.26975,1914.11025,0,0,1974.7828571428574,0,0,2016.1118171892483,1919.4518171892485,0,0,82.5,1,0,229793653,195910105.25,1,0,2003.6000000000001,0,1,1919.7099928,0,0,4.275497512437809,1,0,1.0,0,1,1998.2978149437663,0,0,0.10191343003060904,1,0,61.95750586803717,0,0,1812.5112980297322,1,0
2025-07-02 00:00:00+05:30,2019.9,2019.9,1977.9,1986.0,9439125,1965.4299999999998,1942.4980000000003,0,0,1981.6897764105026,1961.8045339689163,0,0,59.212802768166064,0,0,20.44206700180512,0,0,1,0,2026.5613719098455,1904.2986280901541,0,0,80.80574626696544,0,1,2027.1,1913.0,0,0,1981.6897764105026,1961.8045339689163,19.885242441586342,16.16906568605801,0,0,1931.16,0,1,0,0,0,-36.02103418054333,0,1,63.97896581945667,76.13204791118905,0,1,27.071428571428587,0,58.95899093694346,0,0,28.57142857142857,92.85714285714286,0,1,0.1574282348210618,1,0,1994.323118717407,0,0,2014.5657499999998,1916.2942499999997,0,0,1986.2852380952386,0,0,2019.8068822188438,1919.226882218844,0,0,52.09999999999991,1,0,220354528,198691589.1,1,0,2010.7,1,0,1921.857792944,0,0,2.6940379543926696,1,0,0.7465586528659806,0,1,1998.0413214343798,0,0,0.10920344058826803,1,0,57.77033901626745,0,0,1813.6764937908101,1,0
2025-07-03 00:00:00+05:30,1994.9,2008.0,1984.3,1987.1,8430253,1967.3049999999998,1943.7619999999997,0,0,1982.5221185011944,1963.678272193441,0,0,66.82808716707021,0,0,24.044927940706838,0,0,0,0,2028.6918655590007,1905.918134440999,0,0,69.1508641647878,0,0,2027.1,1913.0,0,0,1982.5221185011944,1963.678272193441,18.843846307753438,16.704021810397094,0,0,2082.55,1,0,0,0,0,-36.33060853769304,0,0,63.66939146230697,71.50066481404976,0,0,26.592857142857156,0,57.919885978872976,0,0,35.714285714285715,100.0,0,1,0.12667619252445397,1,0,1995.2284141280497,0,1,2016.4876249999998,1918.1223749999997,0,0,1996.006666666667,0,1,2021.9814648646682,1920.4014648646682,0,0,51.799999999999955,1,0,228784781,201338200.15,1,0,1994.6000000000001,0,1,1923.9626370851202,0,0,2.6765876091562113,1,0,1.0,0,0,1997.8696516772932,0,1,0.11408786099003088,1,0,56.08494083631573,0,0,1814.7105573529366,1,0
2025-07-04 00:00:00+05:30,1987.1,2003.5,1980.0,1989.3,3931972,1967.8350000000003,1945.2119999999998,0,0,1983.5648695010107,1965.5761779568898,0,0,64.11733892090098,0,0,27.830010209126016,0,0,0,0,2029.8162628733023,1905.8537371266982,0,0,58.73472781935682,0,0,2027.1,1913.0,0,0,1983.5648695010107,1965.5761779568898,17.98869154412091,16.960955757141857,0,0,1931.16,0,1,0,0,0,-34.332425068119875,0,0,65.66757493188013,64.4386440712146,0,0,26.75,0,53.97135403420182,0,0,42.857142857142854,85.71428571428571,0,1,0.10209522227677288,1,0,1996.291233358928,0,0,2017.0308750000002,1918.6391250000001,0,0,2003.8542857142859,0,0,2020.6960872585094,1925.1360872585094,0,0,24.59999999999991,1,0,232716753,203428234.6,1,0,1993.1333333333332,0,1,1926.0253843434177,0,0,1.2520995571843052,1,0,0.8626332483843078,0,1,1998.0567917347014,0,0,0.11714556185813407,1,0,52.14071683982147,0,0,1815.1947530661166,1,0
2025-07-07 00:00:00+05:30,1989.0,1998.4,1983.8,1987.4,5674713,1968.2600000000002,1946.736,0,0,1984.1548895777782,1967.1927573674905,0,0,65.45454545454554,0,0,31.681594847381795,1,0,0,0,2030.6757672387432,1905.8442327612572,0,0,54.47118522729616,0,0,2027.1,1913.0,0,0,1984.1548895777782,1967.1927573674905,16.96213221028779,16.961191047771045,0,0,2070.5699999999997,1,0,0,0,0,-36.058128973660175,0,0,63.941871026339825,64.42627914017565,0,0,26.185714285714294,0,54.954197957795486,0,0,50.0,92.85714285714286,0,1,0.11151101023048571,1,0,1996.7820655054475,0,0,2017.4665,1919.0535000000002,0,0,2010.3757142857144,0,0,2021.6255075196036,1926.9655075196038,0,0,39.0,1,0,227042040,204904468.7,1,0,1990.9333333333334,0,1,1928.0468766565493,0,0,2.0016423732293065,1,0,0.9303959843837193,0,1,1997.534203528383,0,0,0.11842505942061266,1,0,44.41952798287932,0,0,1815.8812648752266,1,0
2025-07-08 00:00:00+05:30,1977.0,2005.0,1977.0,2001.4,7612158,1970.065,1948.36,0,0,1986.8079834888892,1969.7266271921208,0,0,67.15810879511953,0,0,35.251254747705154,1,0,0,0,2034.1850280723659,1905.9449719276342,0,0,60.1500432430251,0,0,2027.1,1913.0,0,0,1986.8079834888892,1969.7266271921208,17.08135629676849,16.985224097570534,0,0,1931.16,0,1,0,0,0,-25.320197044334797,0,0,74.67980295566521,68.09641630462839,0,0,26.80714285714287,0,60.948384420808054,0,0,57.14285714285714,100.0,0,1,0.16781711748446151,1,0,1999.5399262421954,0,0,2019.316625,1920.813375,0,0,2016.780238095238,0,0,2024.8368877558319,1928.9168877558318,0,0,40.5,1,0,234654198,207149638.85,1,0,1989.8666666666668,0,1,1930.0279391234183,0,0,2.065378142689589,1,0,1.0,0,1,2000.3927856955736,0,0,0.11962998365921962,1,0,45.81293131592199,0,0,1816.8680827748658,1,0
2025-07-09 00:00:00+05:30,2007.0,2013.8,1998.1,2011.2,6930714,1973.105,1950.408,0,0,1990.5606014136756,1972.7987288815932,0,0,68.50316918576311,0,0,38.67896560769453,1,0,0,0,2039.0389214668824,1907.1710785331177,0,0,82.9751448327414,0,0,2027.1,1913.0,0,0,1990.5606014136756,1972.7987288815932,17.761872532082407,17.14055378447291,0,0,2069.69,1,0,0,0,0,-16.649214659685722,0,0,83.35078534031427,73.99081977410646,0,0,26.41428571428573,0,60.60425042884591,0,0,64.28571428571429,100.0,0,1,0.2113188919319529,1,0,2003.53534894825,1,0,2022.432625,1923.777375,0,0,2022.144761904762,0,0,2027.6157555886098,1932.6757555886097,0,0,31.0,1,0,241584912,210018754.55,1,0,1994.4666666666665,1,0,1931.96938034095,0,0,1.5654984345015555,1,0,1.0,0,1,2005.0074621832985,1,0,0.12147459488458523,1,0,49.281932356563864,0,0,1817.8047068733215,1,0
2025-07-10 00:00:00+05:30,2016.0,2017.0,2000.0,2006.2,8515155,1976.2450000000001,1952.032,0,0,1992.9666627346487,1975.2728971125864,0,0,61.48312119535145,0,0,39.94621755343877,1,0,0,0,2042.203981671634,1910.2860183283663,0,0,76.21493573505973,0,0,2027.1,1913.0,0,0,1992.9666627346487,1975.2728971125864,17.6937656220623,17.25119615199079,0,0,1940.46,0,1,0,0,0,-24.501758499413686,0,1,75.49824150058632,77.84294326552195,0,1,24.892857142857142,0,58.31727464677203,0,0,71.42857142857143,100.0,0,1,0.21477161360226416,1,0,2006.0329268131857,0,0,2025.6511249999999,1926.8388750000001,0,0,2025.307619047619,0,0,2029.2271121992185,1936.0271121992182,0,0,-15.599999999999909,1,0,233069757,212870840.75,1,0,2007.6999999999998,1,0,1933.871992734131,0,0,-0.7715896725689952,1,0,0.4690497392189852,0,1,2007.3864000438493,0,0,0.12292067842725185,1,0,46.01788721583608,0,0,1818.9137328174843,1,0
2025-07-11 00:00:00+05:30,1998.0,2004.8,1980.9,1983.7,6258461,1979.55,1953.2060000000001,0,0,1991.5410223139336,1975.8971269560984,0,0,59.443552701979684,0,0,40.44044219825833,1,0,0,0,2039.4853511359577,1919.6146488640422,0,0,28.81835676254021,0,0,2027.1,1917.0,0,0,1991.5410223139336,1975.8971269560984,15.643895357835163,16.929735993159667,0,0,2059.96,1,0,0,0,0,-60.69930069930051,0,0,39.30069930069949,66.04990871386671,0,0,25.064285714285706,0,58.09109898968866,0,0,78.57142857142857,100.0,1,1,0.2064215555888657,1,0,2004.1934628436018,0,0,2029.0387499999997,1930.06125,0,0,2024.5842857142857,0,0,2029.719291989769,1935.739291989769,0,0,-31.200000000000045,0,1,226811296,215712947.95,1,0,2007.7333333333333,0,1,1935.7365528794485,0,0,-1.5484639436200376,0,0,0.3147901921452937,0,0,2003.5608509766046,0,1,0.12154190270072807,1,0,46.237648533415744,0,0,1819.6236255030637,1,0
2025-07-14 00:00:00+05:30,1983.0,1988.7,1970.6,1983.0,6544425,1981.9300000000003,1954.13,0,0,1990.2270188810207,1976.4232657000912,0,0,56.310679611650485,0,0,38.78728156951786,1,0,0,0,2038.1486745523423,1925.7113254476583,0,0,-1.0724383347967719,0,0,2027.1,1917.0,0,0,1990.2270188810207,1976.4232657000912,13.803753180929561,16.304539430713646,0,1,1940.46,0,1,0,0,0,-69.77848101265829,0,0,30.221518987341717,48.34015326287585,0,0,24.171428571428578,0,51.38841018870954,0,0,85.71428571428571,100.0,1,1,0.19344749378838672,1,0,2002.3823896220981,0,1,2031.4782500000001,1932.3817500000002,0,0,2020.400238095238,0,0,2029.6750737050293,1935.8350737050291,0,0,-18.5,0,1,220266871,217814990.25,1,0,1989.8,0,1,1937.5638218218596,0,0,-0.924306769922556,0,1,0.0,0,0,2000.0452525046373,0,0,0.11802722297040713,1,0,51.46614061442854,0,0,1820.356303024618,1,0
2025-07-15 00:00:00+05:30,1973.0,2003.6,1973.0,1995.5,7249084,1985.225,1955.406,0,0,1991.038246745479,1977.836357129714,0,0,54.54545454545455,0,0,38.05494676395169,1,0,0,0,2035.9899640889118,1934.460035911088,0,0,21.996758254392827,0,0,2027.1,1917.0,0,0,1991.038246745479,1977.836357129714,13.201889615764912,15.6840094677239,0,0,2046.3700000000001,1,0,0,0,0,-55.92920353982285,0,0,44.07079646017715,37.86433824940613,0,0,24.850000000000005,0,50.65247152902022,0,0,92.85714285714286,100.0,1,1,0.21633670027254584,1,0,2002.8948713429868,0,0,2034.8556249999997,1935.594375,0,0,2013.6671428571426,0,0,2031.6988762093122,1936.2388762093121,0,0,-16.59999999999991,0,1,227515955,220703955.15,1,0,1980.7666666666667,0,1,1939.3545453854224,0,0,-0.8250086973808468,0,0,0.0,1,0,2000.0979402050239,0,0,0.11425325910716655,1,0,55.130362782827504,0,0,1821.2220236390303,1,0
2025-07-16 00:00:00+05:30,2018.0,2022.7,1992.6,1996.3,8997306,1988.345,1956.42,0,0,1991.8477472461745,1979.2040343793649,0,0,39.999999999999964,0,0,36.6773028757514,1,0,0,0,2033.1483116727245,1943.5416883272756,0,0,64.32159454159768,0,0,2027.1,1925.6,0,0,1991.8477472461745,1979.2040343793649,12.643712866809665,15.075950147541054,0,0,1940.46,0,1,0,0,0,-50.67178502879083,0,0,49.32821497120917,41.206843472909355,0,0,23.635714285714307,0,43.25012978963267,0,0,100.0,14.285714285714285,1,1,0.1420944623133548,1,0,2003.3961382912998,0,0,2038.0536249999998,1938.636375,0,0,2008.0992857142855,0,0,2033.9532689512823,1936.3332689512824,0,0,10.299999999999955,0,1,236513261,223581939.95,1,0,1990.7,1,0,1941.109454477714,0,0,0.5186304128902197,0,0,0.0,1,0,2000.2083701393972,0,0,0.11032320833352927,1,0,49.18124944058815,0,0,1822.2895727876073,1,0
2025-07-17 00:00:00+05:30,2004.0,2004.8,1982.7,1986.9,11264579,1990.925,1957.5880000000002,0,0,1991.0865553621477,1979.7741059068194,0,0,39.23076923076919,0,0,35.789716998789046,0,1,0,0,2028.1725007992575,1953.6774992007424,0,0,4.055642380169363,0,0,2027.1,1931.6,0,0,1991.0865553621477,1979.7741059068194,11.312449455328306,14.323250009098505,0,0,2046.3700000000001,1,0,0,0,0,-68.71401151631451,0,0,31.28598848368549,41.56166663835728,0,0,23.18571428571431,0,44.471356407400116,0,0,7.142857142857142,21.428571428571427,1,0,0.10640735495832974,1,0,2002.120357766837,0,0,2040.6981249999997,1941.151875,0,0,2003.9302380952377,0,0,2034.210576670208,1936.4105766702078,0,0,-0.1999999999998181,1,0,225248682,225474790.3,1,0,2003.8666666666668,1,0,1942.8292653881597,0,0,-0.010064918725771754,0,0,0.0,1,0,1997.8387178317587,0,0,0.10530563270887416,1,0,41.73077838757555,0,0,1823.5367073423593,1,0
2025-07-18 00:00:00+05:30,1986.9,1997.0,1953.0,1957.4,8064723,1990.5600000000002,1958.9419999999998,0,0,1985.9040083833559,1978.1167647285365,0,0,34.90759753593426,0,0,35.20271459406863,0,1,0,0,2029.0131102020596,1952.1068897979408,0,0,-122.289595622105,0,0,2027.1,1941.8,0,0,1985.9040083833559,1978.1167647285365,7.787243654819349,13.016048738242674,0,0,1940.46,0,1,0,0,0,-93.68723098995683,0,0,6.3127690100431675,28.97565748831262,0,0,24.94285714285716,0,44.007531737324214,0,0,14.285714285714285,0.0,0,0,0.008109787684474998,1,0,1995.8203709055715,0,0,2040.324,1940.796,0,0,1999.6066666666666,0,0,2032.1224265111405,1933.1824265111404,0,0,-31.899999999999864,0,1,217183959,226141894.3,0,1,1991.4666666666665,0,1,1944.5146800803964,0,0,-1.6035791484441675,0,0,0.0,1,0,1988.4352099731757,0,0,0.09664008475425145,1,0,34.399000078436195,0,0,1824.2588826877031,1,0
2025-07-21 00:00:00+05:30,1978.2,2002.0,1976.5,2000.5,11154539,1993.1650000000002,1959.808,0,0,1988.1495455551471,1979.7747821560524,0,0,46.752519596864516,0,0,33.48068852982562,0,1,0,0,2026.2809541770107,1960.0490458229897,0,0,-3.6770850743770978,1,0,2027.1,1953.0,0,0,1988.1495455551471,1979.7747821560524,8.374763399094718,12.087791670413083,0,0,2046.3700000000001,1,0,0,0,0,-31.8507890961263,1,0,68.14921090387371,35.2493227992008,1,0,27.092857142857156,0,45.98944572354797,0,0,21.428571428571427,7.142857142857142,0,0,0.06719332532474745,1,0,1997.7764117565457,0,0,2042.994125,1943.3358750000002,0,0,1997.057380952381,0,0,2034.7621954148415,1933.9421954148413,0,0,13.099999999999909,0,1,228338498,227660213.2,0,1,1969.1333333333332,0,1,1946.1663864787884,0,0,0.6591526617691468,0,1,0.3525739101686219,1,0,1991.3102280219546,0,0,0.09000651721047248,1,0,44.17313092118861,0,0,1825.5642176703977,1,0
2025-07-22 00:00:00+05:30,2013.1,2018.0,2003.0,2007.1,7418407,1995.475,1961.4980000000003,0,0,1991.0650000851244,1981.7988723667152,0,0,56.63104965430546,0,0,30.99324303902693,0,1,0,0,2025.4068436311422,1965.5431563688576,0,0,94.60242415814922,0,0,2027.1,1953.0,0,0,1991.0650000851244,1981.7988723667152,9.26612771840928,11.523458880012322,0,0,1940.46,0,1,0,0,0,-22.38163558106187,0,0,77.61836441893813,50.69344811095167,0,0,25.342857142857156,0,53.74534059379372,0,0,28.57142857142857,14.285714285714285,0,0,0.08435574239420682,1,0,2000.5609379825032,1,0,2045.3618749999998,1945.5881249999998,0,0,1994.3733333333334,1,0,2036.0886529943803,1936.9486529943804,0,0,5.699999999999818,1,0,235756905,228983819.4,1,0,1993.0,1,0,1947.7850587492126,0,0,0.2848006395522962,0,0,0.6466165346075265,0,0,1995.2770493162836,1,0,0.08549393347891954,1,0,46.922429636525564,0,0,1826.4540373973643,1,0
2025-07-23 00:00:00+05:30,2011.0,2029.8,2003.0,2024.3,6817458,1997.6800000000003,1963.7720000000002,0,0,1996.1780769951054,1984.9471040432547,0,0,60.61643835616442,0,0,26.922639553747693,0,1,0,0,2029.3224498353122,1966.0375501646884,0,0,141.29233242890194,0,0,2029.8,1953.0,0,0,1996.1780769951054,1984.9471040432547,11.230972951850617,11.464961694379982,0,0,2046.3700000000001,1,0,0,0,0,-7.1614583333333375,0,0,92.83854166666666,79.53537232982616,0,0,25.56428571428572,0,60.994426255954004,0,0,0.0,21.428571428571427,0,0,0.06659477799256898,1,0,2005.9013651280675,0,0,2047.622,1947.7380000000003,0,0,1992.2304761904763,0,0,2040.5568765187252,1939.676876518725,0,0,13.099999999999909,1,0,242574363,230188150.2,1,0,2009.3666666666668,1,0,1949.3713575742283,0,0,0.6513524264120774,0,0,0.7652449283553456,0,0,2002.7704331471343,0,0,0.08412887061142182,1,0,49.93020026663171,0,0,1827.341248332635,1,0
2025-07-24 00:00:00+05:30,2037.7,2037.7,2008.4,2014.2,9553588,1997.3,1965.38,0,0,1998.9506805343199,1987.1139852252359,0,0,56.799563080284045,0,0,23.817207958125383,1,0,0,0,2027.8877856599693,1966.7122143400306,0,0,137.00654422630382,0,1,2037.7,1953.0,0,0,1998.9506805343199,1987.1139852252359,11.836695309084007,11.539308417320788,0,0,1940.46,0,1,0,0,0,-27.74498229043682,0,1,72.25501770956318,80.90397459838933,0,1,25.97857142857143,0,66.48969474453867,0,0,0.0,28.57142857142857,0,0,-0.08247280238485562,1,0,2008.7141035530951,0,0,2047.2324999999998,1947.3674999999998,0,0,1991.9409523809525,0,0,2041.0705073264658,1943.7505073264656,0,0,8.0,1,0,233020775,229662680.85,1,0,2019.0333333333335,1,0,1952.5885032712592,0,0,0.3987638321204301,0,0,0.6516324762243273,0,0,2006.3665196110564,0,0,0.0837571799218173,1,0,44.832207815662784,0,0,1828.50815617802,1,0
2025-07-25 00:00:00+05:30,2015.0,2015.0,1999.0,2004.6,4653299,1996.7849999999999,1966.7779999999998,0,0,1999.8198066059629,1988.409245578922,0,0,54.507337526205404,0,0,20.28197208159653,0,0,0,0,2026.4582574977467,1967.111742502253,0,0,50.81971611795447,0,1,2037.7,1953.0,0,0,1999.8198066059629,1988.409245578922,11.410561027040785,11.513558939264788,1,0,2046.3700000000001,1,0,0,0,0,-39.07910271546649,0,0,60.9208972845335,75.33815222025446,0,0,26.078571428571422,0,67.0758772206837,0,0,7.142857142857142,35.714285714285715,0,0,-0.1548901310275547,0,1,2009.417903048547,0,0,2046.7046249999996,1946.8653749999999,0,0,1992.672380952381,0,0,2041.1914113906118,1945.9514113906116,0,0,20.899999999999864,1,0,228367476,229609881.15,1,0,2020.1000000000001,0,1,1957.6951930749838,0,0,1.0535867318646863,0,0,0.5834024851418473,0,0,2006.8457446422801,0,0,0.08294848738605864,1,0,47.12014001924006,0,0,1829.042151947229,1,0
2025-07-28 00:00:00+05:30,2003.0,2021.4,2000.5,2008.5,6029790,1997.1349999999998,1968.174,0,0,2001.1552209742763,1989.897449610113,0,0,51.964582180409494,0,0,17.23157314009457,0,0,0,0,2027.2049027705916,1967.065097229408,0,0,71.5615648322446,0,0,2037.7,1953.0,0,0,2001.1552209742763,1989.897449610113,11.257771364163318,11.462401424244495,0,1,1940.46,0,1,0,0,0,-34.474616292798146,0,0,65.52538370720185,66.23376623376619,0,0,25.571428571428573,0,66.61531541685858,0,0,14.285714285714285,42.857142857142854,0,0,-0.14953442960076144,0,1,2010.6365976476927,0,1,2047.0633749999995,1947.2066249999998,0,0,1995.1688095238094,0,0,2042.873181734363,1947.1131817343628,0,0,25.5,1,0,234397266,230199796.45,0,1,2006.2,0,1,1962.4954814904847,0,0,1.2859304084720025,1,0,0.507715267424602,0,0,2008.1040356740234,0,1,0.0821041055871552,1,0,47.14220042322905,0,0,1829.7445754478606,1,0
2025-07-29 00:00:00+05:30,1999.9,2026.5,1996.3,2021.6,9947848,1997.61,1970.308,0,0,2004.3005715936183,1992.2457866760305,0,0,52.826086956521706,0,0,13.890502536587485,0,0,1,0,2028.9486191883568,1966.271380811643,0,0,97.28148238449509,0,0,2037.7,1953.0,0,0,2004.3005715936183,1992.2457866760305,12.054784917587767,11.58087812291315,0,0,2046.3700000000001,1,0,0,0,0,-19.008264462810068,0,0,80.99173553718994,69.14600550964178,0,0,26.607142857142858,0,67.5246410388643,0,0,21.428571428571427,50.0,0,0,-0.11967256763760654,0,1,2013.8996791540303,0,0,2047.5502499999998,1947.6697499999998,0,0,1998.8307142857145,0,0,2047.2271644263283,1947.8271644263282,0,0,26.09999999999991,1,0,244345114,230927369.5,1,0,2010.1333333333332,1,0,1967.0077526010557,0,0,1.3079428714607877,1,0,0.6742478398629006,0,0,2012.2973792548735,1,0,0.0824038376102898,1,0,56.26634120786482,0,0,1830.9755304548778,1,0
2025-07-30 00:00:00+05:30,2028.0,2032.6,2017.0,2025.8,7577018,1999.6,1972.2880000000002,0,0,2007.608175963831,1994.7312839592876,0,0,55.34934497816592,0,0,11.19740242109626,0,0,1,0,2032.831880698181,1966.3681193018188,0,0,137.1354743447775,0,0,2037.7,1953.0,0,0,2007.608175963831,1994.7312839592876,12.876892004543379,11.840080899239195,1,0,1944.7,0,1,0,0,0,-14.049586776859604,0,1,85.9504132231404,77.48917748917741,0,1,26.50714285714285,0,67.26981155888208,0,0,28.57142857142857,57.14285714285714,0,0,-0.07677744519735237,0,1,2017.3890053646066,1,0,2049.5899999999997,1949.61,0,0,2003.8092857142856,0,0,2047.2798154333445,1953.1598154333446,0,0,29.5,1,0,251922132,232505749.7,1,0,2014.8,1,0,1971.2492874449924,0,0,1.4777338075439461,1,0,0.7951252094628142,0,0,2016.6970049685906,0,0,0.08370527725403143,1,0,50.347364768004454,0,0,1831.9229963226364,1,0
2025-07-31 00:00:00+05:30,2014.6,2031.4,2008.0,2018.2,11091516,2001.1550000000002,1974.254,0,0,2009.2376873540109,1996.4697073697107,0,0,60.24955436720145,0,0,10.26749343243387,0,0,1,0,2034.831634098613,1967.4783659013874,0,0,93.57068509968177,0,1,2037.7,1953.0,0,0,2009.2376873540109,1996.4697073697107,12.767979984300155,12.025660716251387,0,0,2046.3700000000001,1,0,0,0,0,-23.022432113341193,0,1,76.9775678866588,81.30657221566305,0,1,26.371428571428574,0,64.40136322176622,0,0,35.714285714285715,64.28571428571429,0,0,-0.04315815618690393,0,1,2019.0232501224004,0,0,2051.183875,1951.1261250000002,0,0,2008.719761904762,0,0,2048.9622139635026,1954.9022139635024,0,0,31.299999999999955,1,0,240830616,233108041.45,1,0,2025.1333333333332,1,0,1975.236330198293,0,0,1.5753183350948774,1,0,0.9857292675493063,0,0,2018.3193179330767,0,0,0.08470271595726331,1,0,51.24139741962417,0,0,1833.2397094371597,1,0
