direction,entry_time,entry_price,qty,exit_time,exit_price,exit_reason,pnl,gross_pnl,fee_buy,fee_sell,total_fee
SHORT,2023-01-04 12:54:00+05:30,3297.1495499999996,303,2023-01-04 13:00:00+05:30,3305.3019999999997,CROSS_UP,-2869.6723500000135,-2470.1923500000134,89.93,309.55,399.48
LONG,2023-01-04 13:51:00+05:30,3324.8214999999996,299,2023-01-04 13:57:00+05:30,3316.68,CROSS_DOWN,-2831.198499999917,-2434.3084999999173,89.44,307.45,396.89
SHORT,2023-01-05 13:27:00+05:30,3294.7019999999998,301,2023-01-05 13:33:00+05:30,3300.9976999999994,CROSS_UP,-2291.8556999999005,-1895.0056999999006,89.4,307.45,396.85
LONG,2023-01-09 10:48:00+05:30,3305.6523499999994,300,2023-01-09 10:54:00+05:30,3296.1006,CROSS_DOWN,-3261.434999999752,-2865.5249999997523,89.28,306.63,395.90999999999997
SHORT,2023-01-10 10:45:00+05:30,3240.70605,305,2023-01-10 10:51:00+05:30,3252.3490999999995,CROSS_UP,-3946.930249999901,-3551.130249999901,89.29,306.51,395.8
LONG,2023-01-11 09:33:00+05:30,3302.34905,298,2023-01-11 09:39:00+05:30,3305.3913,CROSS_DOWN,512.2904999999903,906.5904999999902,88.77,305.53,394.29999999999995
SHORT,2023-01-12 15:03:00+05:30,3328.668,296,2023-01-12 15:09:00+05:30,3336.1328,CROSS_UP,-2604.1907999999235,-2209.5807999999233,89.0,305.61,394.61
LONG,2023-01-13 11:57:00+05:30,3357.8544999999995,292,2023-01-13 12:03:00+05:30,3347.19945,CROSS_DOWN,-3503.1545999998225,-3111.2745999998224,88.53,303.35,391.88
SHORT,2023-01-16 10:45:00+05:30,3335.3613,293,2023-01-16 10:51:00+05:30,3343.9405999999994,CROSS_UP,-2905.5448999998302,-2513.7348999998303,88.49,303.32,391.81
LONG,2023-01-17 10:51:00+05:30,3358.7053499999997,290,2023-01-17 10:57:00+05:30,3346.79985,CROSS_DOWN,-3842.104999999956,-3452.5949999999557,88.11,301.4,389.51
SHORT,2023-01-19 10:09:00+05:30,3365.88075,288,2023-01-19 10:15:00+05:30,3373.3699999999994,CROSS_UP,-2545.903999999893,-2156.903999999893,87.94,301.06,389.0
LONG,2023-01-20 11:24:00+05:30,3392.6893,285,2023-01-20 11:30:00+05:30,3387.5091,CROSS_DOWN,-1863.926999999939,-1476.356999999939,87.64,299.93,387.57
SHORT,2023-01-20 14:03:00+05:30,3362.8338,287,2023-01-20 14:09:00+05:30,3368.365,CROSS_UP,-1974.924399999971,-1587.454399999971,87.62,299.85,387.47
LONG,2023-01-23 11:33:00+05:30,3378.7253499999997,285,2023-01-23 11:39:00+05:30,3374.6719500000004,CROSS_DOWN,-1541.4789999998086,-1155.2189999998086,87.37,298.89,386.26
SHORT,2023-01-23 12:21:00+05:30,3374.87175,285,2023-01-23 12:27:00+05:30,3383.3799999999997,CROSS_UP,-2811.2112499999607,-2424.8512499999606,87.46,298.9,386.35999999999996
LONG,2023-01-23 13:03:00+05:30,3390.3869999999997,283,2023-01-23 13:09:00+05:30,3384.612,CROSS_DOWN,-2019.2249999998971,-1634.324999999897,87.14,297.76,384.9
SHORT,2023-01-25 10:42:00+05:30,3412.03455,281,2023-01-25 10:48:00+05:30,3413.4099999999994,CROSS_UP,-771.6514499998724,-386.5014499998724,87.12,298.03,385.15
LONG,2023-01-25 15:00:00+05:30,3429.7763499999996,279,2023-01-25 15:06:00+05:30,3422.574,CROSS_DOWN,-2393.3456499998797,-2009.4556499998798,86.97,296.92,383.89
SHORT,2023-01-27 12:27:00+05:30,3404.9416499999998,280,2023-01-27 12:33:00+05:30,3413.4099999999994,CROSS_UP,-2754.517999999901,-2371.137999999901,86.9,296.48,383.38
LONG,2023-01-30 13:27:00+05:30,3433.9805499999998,277,2023-01-30 13:33:00+05:30,3424.52205,CROSS_DOWN,-3001.7144999999255,-2620.0044999999254,86.6,295.11,381.71000000000004
SHORT,2023-01-31 10:42:00+05:30,3394.1025,280,2023-01-31 10:48:00+05:30,3393.3399499999996,CROSS_UP,-168.61599999989528,213.51400000010472,86.52,295.61,382.13
LONG,2023-02-01 12:51:00+05:30,3394.1908,280,2023-02-01 12:57:00+05:30,3384.4122,CROSS_DOWN,-3119.3879999999,-2738.0079999998998,86.54,294.84,381.38
SHORT,2023-02-06 10:03:00+05:30,3451.59495,274,2023-02-06 10:09:00+05:30,3467.2137499999994,CROSS_UP,-4660.361199999804,-4279.551199999803,86.52,294.29,380.81
LONG,2023-02-07 09:57:00+05:30,3475.3718999999996,271,2023-02-07 10:03:00+05:30,3473.4730499999996,CROSS_DOWN,-893.5883500000105,-514.5883500000105,85.97,293.03,379.0
SHORT,2023-02-10 10:45:00+05:30,3529.0674,266,2023-02-10 10:51:00+05:30,3533.2296999999994,CROSS_UP,-1485.3017999998683,-1107.1717999998682,85.84,292.29,378.13
LONG,2023-02-10 14:12:00+05:30,3538.5349999999994,265,2023-02-10 14:18:00+05:30,3531.7647,CROSS_DOWN,-2171.3094999997943,-1794.1294999997945,85.7,291.48,377.18
SHORT,2023-02-13 09:39:00+05:30,3488.05845,268,2023-02-13 09:45:00+05:30,3498.5950999999995,CROSS_UP,-3200.6821999998806,-2823.8221999998805,85.7,291.16,376.86
LONG,2023-02-14 10:39:00+05:30,3521.7682499999996,265,2023-02-14 10:45:00+05:30,3514.93155,CROSS_DOWN,-2187.3454999999567,-1811.7254999999568,85.41,290.21,375.62
SHORT,2023-02-15 09:36:00+05:30,3467.2293,269,2023-02-15 09:42:00+05:30,3468.8153499999994,CROSS_UP,-802.6074499998472,-426.64744999984714,85.4,290.56,375.96000000000004
LONG,2023-02-15 15:09:00+05:30,3523.57005,264,2023-02-15 15:15:00+05:30,3518.92755,CROSS_DOWN,-1600.3199999999808,-1225.6199999999808,85.2,289.5,374.7
SHORT,2023-02-17 10:39:00+05:30,3524.5719,264,2023-02-17 10:45:00+05:30,3531.9784499999996,CROSS_UP,-2330.60919999992,-1955.32919999992,85.35,289.93,375.28
LONG,2023-02-23 11:30:00+05:30,3449.8964499999993,269,2023-02-23 11:36:00+05:30,3440.1564,CROSS_DOWN,-2993.6034499998464,-2620.073449999846,85.06,288.47,373.53000000000003
SHORT,2023-02-24 09:18:00+05:30,3429.9666,269,2023-02-24 09:24:00+05:30,3433.43,CROSS_UP,-1304.1145999999026,-931.6545999999025,84.77,287.69,372.46
LONG,2023-02-28 11:18:00+05:30,3345.6923499999994,276,2023-02-28 11:24:00+05:30,3340.1565,CROSS_DOWN,-1900.1145999998068,-1527.8945999998068,84.75,287.47,372.22
SHORT,2023-02-28 14:18:00+05:30,3312.2844,278,2023-02-28 14:24:00+05:30,3322.7194,CROSS_UP,-3272.8599999999847,-2900.929999999985,84.77,287.16,371.93
LONG,2023-03-01 10:54:00+05:30,3361.3079499999994,273,2023-03-01 11:00:00+05:30,3356.5401,CROSS_DOWN,-1671.873049999801,-1301.623049999801,84.37,285.88,370.25
SHORT,2023-03-02 10:48:00+05:30,3328.3682999999996,275,2023-03-02 10:54:00+05:30,3333.2799499999996,CROSS_UP,-1720.5937500000023,-1350.7037500000024,84.31,285.58,369.89
LONG,2023-03-03 11:27:00+05:30,3349.1458,273,2023-03-03 11:33:00+05:30,3342.60405,CROSS_DOWN,-2154.8377499999633,-1785.8977499999633,84.15,284.79,368.94000000000005
SHORT,2023-03-08 09:51:00+05:30,3346.0506,272,2023-03-08 09:57:00+05:30,3366.363,CROSS_UP,-5893.312799999945,-5524.972799999945,84.24,284.1,368.34000000000003
LONG,2023-03-08 15:24:00+05:30,3397.394,267,2023-03-08 15:27:00+05:30,3388.45815,EOD,-2752.091949999959,-2385.871949999959,83.67,282.55,366.22
SHORT,2023-03-09 10:54:00+05:30,3355.39125,269,2023-03-09 11:00:00+05:30,3364.3609999999994,CROSS_UP,-2778.35274999981,-2412.86274999981,83.54,281.95,365.49
LONG,2023-03-13 09:51:00+05:30,3351.39805,269,2023-03-13 09:57:00+05:30,3344.7518999999998,CROSS_DOWN,-2152.244350000009,-1787.8143500000092,83.3,281.13,364.43
SHORT,2023-03-13 12:30:00+05:30,3292.9037999999996,273,2023-03-13 12:36:00+05:30,3301.5982999999997,CROSS_UP,-2737.798500000017,-2373.598500000017,83.29,280.91,364.20000000000005
LONG,2023-03-17 14:15:00+05:30,3218.1148999999996,278,2023-03-17 14:21:00+05:30,3202.24455,CROSS_DOWN,-4773.217299999914,-4411.957299999914,82.85,278.41,361.26
SHORT,2023-03-20 10:00:00+05:30,3128.41845,285,2023-03-20 10:06:00+05:30,3133.3802499999997,CROSS_UP,-1775.6529999998816,-1414.1129999998816,82.74,278.8,361.54
LONG,2023-03-22 13:12:00+05:30,3123.4202999999998,285,2023-03-22 13:18:00+05:30,3116.03085,CROSS_DOWN,-2466.333249999906,-2105.993249999906,82.55,277.79,360.34000000000003
SHORT,2023-03-24 14:45:00+05:30,3134.3625,283,2023-03-24 14:51:00+05:30,3138.5854499999996,CROSS_UP,-1555.0048499998304,-1195.0948499998303,82.42,277.49,359.91
LONG,2023-03-27 14:18:00+05:30,3152.6494999999995,281,2023-03-27 14:24:00+05:30,3146.6502,CROSS_DOWN,-2044.7532999998577,-1685.8032999998577,82.27,276.68,358.95
SHORT,2023-03-28 09:15:00+05:30,3131.865,282,2023-03-28 09:21:00+05:30,3143.2400999999995,CROSS_UP,-3566.468199999929,-3207.778199999929,82.3,276.39,358.69
SHORT,2023-03-28 10:30:00+05:30,3130.11675,281,2023-03-28 10:36:00+05:30,3134.0308999999997,CROSS_UP,-1457.14614999989,-1099.87614999989,81.92,275.35,357.27000000000004
LONG,2023-03-29 15:24:00+05:30,3150.29715,279,2023-03-29 15:27:00+05:30,3144.852,EOD,-1875.7468500000034,-1519.1968500000035,81.81,274.74,356.55
SHORT,2023-04-03 13:00:00+05:30,3176.6202000000003,276,2023-04-03 13:06:00+05:30,3187.5843999999997,CROSS_UP,-3382.5291999998444,-3026.1191999998446,81.86,274.55,356.41
LONG,2023-04-03 15:24:00+05:30,3205.9026999999996,272,2023-04-03 15:27:00+05:30,3198.798,EOD,-2286.4683999999634,-1932.4783999999636,81.35,272.64,353.99
SHORT,2023-04-06 12:36:00+05:30,3223.773,270,2023-04-06 12:42:00+05:30,3229.7264999999998,CROSS_UP,-1961.534999999898,-1607.4449999998978,81.35,272.74,354.09000000000003
LONG,2023-04-10 11:09:00+05:30,3255.40215,267,2023-04-10 11:15:00+05:30,3250.746,CROSS_DOWN,-1596.382049999946,-1243.192049999946,81.16,272.03,353.18999999999994
SHORT,2023-04-11 11:27:00+05:30,3223.9728,269,2023-04-11 11:33:00+05:30,3223.22,CROSS_UP,-150.34679999994438,202.50320000005559,81.02,271.83,352.84999999999997
LONG,2023-04-12 12:27:00+05:30,3232.0788499999994,268,2023-04-12 12:33:00+05:30,3225.52125,CROSS_DOWN,-2109.426799999903,-1757.436799999903,80.96,271.03,351.98999999999995
SHORT,2023-04-13 10:24:00+05:30,3191.805,271,2023-04-13 10:30:00+05:30,3201.0978999999998,CROSS_UP,-2870.6058999999777,-2518.3758999999777,81.05,271.18,352.23
LONG,2023-04-21 09:30:00+05:30,3117.1139999999996,276,2023-04-21 09:36:00+05:30,3103.893,CROSS_DOWN,-3998.3759999998756,-3648.9959999998755,80.58,268.8,349.38
SHORT,2023-04-27 09:42:00+05:30,3175.4713500000003,270,2023-04-27 09:48:00+05:30,3181.0778999999998,CROSS_UP,-1863.2484999998692,-1513.7684999998692,80.48,269.0,349.48
LONG,2023-04-28 09:57:00+05:30,3204.8516499999996,267,2023-04-28 10:03:00+05:30,3199.74705,CROSS_DOWN,-1711.3281999999103,-1362.9281999999102,80.27,268.13,348.4
SHORT,2023-05-03 09:30:00+05:30,3182.9139,268,2023-05-03 09:36:00+05:30,3193.4402499999997,CROSS_UP,-3169.101799999903,-2821.061799999903,80.28,267.76,348.03999999999996
LONG,2023-05-04 11:00:00+05:30,3213.26005,265,2023-05-04 11:06:00+05:30,3205.8409500000002,CROSS_DOWN,-2312.8114999998984,-1966.0614999998984,79.99,266.76,346.75
SHORT,2023-05-11 15:18:00+05:30,3278.8179,259,2023-05-11 15:24:00+05:30,3285.9326499999997,CROSS_UP,-2189.3502499999304,-1842.7202499999303,79.96,266.67,346.63
LONG,2023-05-12 14:57:00+05:30,3291.8885999999998,257,2023-05-12 15:03:00+05:30,3270.0267000000003,CROSS_DOWN,-5962.278299999853,-5618.508299999852,79.63,264.14,343.77
SHORT,2023-05-15 15:12:00+05:30,3249.0477,259,2023-05-15 15:18:00+05:30,3253.7504999999996,CROSS_UP,-1561.8951999998885,-1218.0251999998886,79.41,264.46,343.87
LONG,2023-05-19 10:12:00+05:30,3221.1679499999996,260,2023-05-19 10:18:00+05:30,3213.8829,CROSS_DOWN,-2235.94299999987,-1894.1129999998702,79.06,262.77,341.83
SHORT,2023-05-24 10:09:00+05:30,3296.2005,254,2023-05-24 10:15:00+05:30,3311.0577499999995,CROSS_UP,-4116.28149999989,-3773.74149999989,79.3,263.24,342.54
LONG,2023-05-24 12:09:00+05:30,3315.8124999999995,251,2023-05-24 12:15:00+05:30,3304.692,CROSS_DOWN,-3130.9854999998843,-2791.245499999884,78.72,261.02,339.74
SHORT,2023-05-24 13:00:00+05:30,3297.1995,251,2023-05-24 13:06:00+05:30,3303.2999999999997,CROSS_UP,-1870.2154999998886,-1531.2254999998886,78.51,260.48,338.99
LONG,2023-05-26 10:00:00+05:30,3297.1938999999998,251,2023-05-26 10:06:00+05:30,3290.706,CROSS_DOWN,-1966.8828999999064,-1628.4628999999063,78.41,260.01,338.41999999999996
SHORT,2023-05-29 14:15:00+05:30,3317.62905,249,2023-05-29 14:21:00+05:30,3322.2189,CROSS_UP,-1481.3026499999607,-1142.8726499999607,78.38,260.05,338.43
LONG,2023-05-31 09:51:00+05:30,3317.3640499999997,248,2023-05-31 09:57:00+05:30,3313.683,CROSS_DOWN,-1249.8003999999223,-912.9003999999222,78.08,258.82,336.9
SHORT,2023-05-31 11:33:00+05:30,3299.0976,249,2023-05-31 11:39:00+05:30,3307.3039999999996,CROSS_UP,-2380.2635999998943,-2043.3935999998944,78.14,258.73,336.87
LONG,2023-06-01 10:06:00+05:30,3333.3800499999998,246,2023-06-01 10:12:00+05:30,3329.667,CROSS_DOWN,-1249.3702999999605,-913.4102999999604,77.91,258.05,335.96000000000004
SHORT,2023-06-02 10:27:00+05:30,3302.3943,248,2023-06-02 10:33:00+05:30,3310.2068999999997,CROSS_UP,-2273.514799999937,-1937.5247999999374,77.97,258.02,335.99
LONG,2023-06-05 12:09:00+05:30,3315.6123,246,2023-06-05 12:15:00+05:30,3308.7879,CROSS_DOWN,-2013.0023999999923,-1678.8023999999923,77.62,256.58,334.2
SHORT,2023-06-05 13:18:00+05:30,3298.0986000000003,247,2023-06-05 13:24:00+05:30,3303.9506499999998,CROSS_UP,-1779.8763499998786,-1445.4563499998785,77.65,256.77,334.41999999999996
LONG,2023-06-07 11:21:00+05:30,3250.4972499999994,250,2023-06-07 11:27:00+05:30,3247.0497,CROSS_DOWN,-1195.2574999998524,-861.8874999998525,77.42,255.95,333.37
SHORT,2023-06-08 11:33:00+05:30,3245.2515,250,2023-06-08 11:39:00+05:30,3251.7484999999997,CROSS_UP,-1957.5099999999609,-1624.249999999961,77.44,255.82,333.26
LONG,2023-06-12 11:18:00+05:30,3242.1889499999993,250,2023-06-12 11:24:00+05:30,3235.761,CROSS_DOWN,-1939.407499999832,-1606.987499999832,77.28,255.14,332.41999999999996
SHORT,2023-06-13 14:33:00+05:30,3241.60515,249,2023-06-13 14:39:00+05:30,3245.2419999999997,CROSS_UP,-1237.315649999967,-905.575649999967,77.11,254.63,331.74
LONG,2023-06-14 13:45:00+05:30,3254.30105,248,2023-06-14 13:51:00+05:30,3248.748,CROSS_DOWN,-1708.4163999999962,-1377.1563999999962,77.05,254.21,331.26
SHORT,2023-06-15 10:03:00+05:30,3224.772,250,2023-06-15 10:09:00+05:30,3233.3300999999997,CROSS_UP,-2471.004999999935,-2139.524999999935,77.13,254.35,331.48
LONG,2023-06-19 11:39:00+05:30,3197.74455,251,2023-06-19 11:45:00+05:30,3189.55725,CROSS_DOWN,-2384.5223000000124,-2055.0123000000126,76.76,252.75,329.51
SHORT,2023-06-22 12:18:00+05:30,3236.76,247,2023-06-22 12:24:00+05:30,3245.2419999999997,CROSS_UP,-2424.1739999998804,-2095.0539999998805,76.69,252.43,329.12
LONG,2023-06-22 13:51:00+05:30,3257.40415,245,2023-06-22 13:57:00+05:30,3251.4453,CROSS_DOWN,-1787.978249999996,-1459.918249999996,76.45,251.61,328.06
SHORT,2023-06-23 09:27:00+05:30,3225.8209500000003,247,2023-06-23 09:33:00+05:30,3231.2279999999996,CROSS_UP,-1663.661349999838,-1335.541349999838,76.46,251.66,328.12
LONG,2023-06-27 11:42:00+05:30,3196.2930999999994,248,2023-06-27 11:48:00+05:30,3188.85795,CROSS_DOWN,-2169.977199999836,-1843.9171999998362,76.1,249.96,326.06
SHORT,2023-06-27 11:54:00+05:30,3190.3065,248,2023-06-27 12:00:00+05:30,3197.2940999999996,CROSS_UP,-2059.09479999987,-1732.9247999998697,76.11,250.06,326.17
LONG,2023-06-27 12:21:00+05:30,3197.2940999999996,247,2023-06-27 12:27:00+05:30,3190.6062,CROSS_DOWN,-1976.9812999998628,-1651.9112999998629,75.9,249.17,325.07
SHORT,2023-06-27 14:09:00+05:30,3183.76305,247,2023-06-27 14:15:00+05:30,3189.7865999999995,CROSS_UP,-1812.2868499998597,-1487.8168499998596,75.78,248.69,324.47
LONG,2023-06-28 09:57:00+05:30,3203.7004999999995,245,2023-06-28 10:03:00+05:30,3193.2036000000003,CROSS_DOWN,-2894.8404999998006,-2571.7404999998007,75.58,247.52,323.1
SHORT,2023-07-03 13:09:00+05:30,3281.715,239,2023-07-03 13:15:00+05:30,3288.93565,CROSS_UP,-2049.49534999994,-1725.7353499999404,75.66,248.1,323.76
LONG,2023-07-04 11:03:00+05:30,3287.8845999999994,238,2023-07-04 11:09:00+05:30,3284.5122,CROSS_DOWN,-1125.4011999998306,-802.6311999998306,75.42,247.35,322.77
SHORT,2023-07-04 12:21:00+05:30,3281.36535,238,2023-07-04 12:27:00+05:30,3290.9876999999997,CROSS_UP,-2612.7192999999147,-2290.119299999915,75.47,247.13,322.6
LONG,2023-07-04 13:39:00+05:30,3297.1938999999998,236,2023-07-04 13:45:00+05:30,3294.45225,CROSS_DOWN,-968.2993999999849,-647.0293999999849,75.13,246.14,321.27
SHORT,2023-07-06 11:24:00+05:30,3310.686,234,2023-07-06 11:30:00+05:30,3316.7634499999995,CROSS_UP,-1742.4632999998403,-1422.1232999998401,75.0,245.34,320.34000000000003
LONG,2023-07-06 15:24:00+05:30,3323.4701499999996,233,2023-07-06 15:27:00+05:30,3317.679,EOD,-1669.0779499998978,-1349.3379499998978,74.88,244.86,319.74
SHORT,2023-07-10 10:03:00+05:30,3281.6151,236,2023-07-10 10:09:00+05:30,3298.1448499999997,CROSS_UP,-4221.440999999928,-3901.020999999928,75.15,245.27,320.42
LONG,2023-07-11 13:03:00+05:30,3289.3860999999997,234,2023-07-11 13:09:00+05:30,3281.9148,CROSS_DOWN,-2066.27419999993,-1748.28419999993,74.58,243.41,317.99
SHORT,2023-07-11 14:36:00+05:30,3271.0257,234,2023-07-11 14:42:00+05:30,3278.2249499999994,CROSS_UP,-2001.7044999998152,-1684.6244999998153,74.4,242.68,317.08000000000004
LONG,2023-07-13 09:21:00+05:30,3308.2549499999996,231,2023-07-13 09:27:00+05:30,3301.7949,CROSS_DOWN,-1808.3915499999266,-1492.2715499999267,74.21,241.91,316.12
SHORT,2023-07-17 15:18:00+05:30,3488.35815,219,2023-07-17 15:24:00+05:30,3500.8473499999996,CROSS_UP,-3051.7647999998967,-2735.1347999998966,74.37,242.26,316.63
LONG,2023-07-18 14:15:00+05:30,3512.5089999999996,216,2023-07-18 14:21:00+05:30,3502.9935,CROSS_DOWN,-2369.3679999998963,-2055.3479999998963,73.85,240.17,314.02
SHORT,2023-07-19 10:48:00+05:30,3480.16635,218,2023-07-19 10:54:00+05:30,3481.8783999999996,CROSS_UP,-687.8468999999205,-373.22689999992053,73.87,240.75,314.62
LONG,2023-07-24 12:45:00+05:30,3404.6512499999994,222,2023-07-24 12:51:00+05:30,3397.9986,CROSS_DOWN,-1790.0682999998978,-1476.8882999998978,73.66,239.52,313.18
SHORT,2023-07-25 10:39:00+05:30,3388.85775,223,2023-07-25 10:45:00+05:30,3398.7453499999997,CROSS_UP,-2518.634799999903,-2204.934799999903,73.79,239.91,313.7
LONG,2023-07-25 12:48:00+05:30,3401.1477499999996,221,2023-07-25 12:54:00+05:30,3392.8037999999997,CROSS_DOWN,-2155.612949999989,-1844.012949999989,73.38,238.22,311.6
SHORT,2023-07-26 13:57:00+05:30,3389.65695,221,2023-07-26 14:03:00+05:30,3394.1908,CROSS_UP,-1313.2808499999562,-1001.9808499999563,73.28,238.02,311.3
LONG,2023-07-27 15:03:00+05:30,3392.7893999999997,221,2023-07-27 15:09:00+05:30,3399.1474500000004,CROSS_DOWN,1093.2490500001613,1405.1290500001614,73.26,238.62,311.88
SHORT,2023-07-28 09:33:00+05:30,3358.638,223,2023-07-28 09:39:00+05:30,3367.0636999999992,CROSS_UP,-2190.241099999849,-1878.9310999998493,73.33,237.98,311.31
LONG,2023-07-31 10:30:00+05:30,3403.3999999999996,220,2023-07-31 10:36:00+05:30,3408.4881,CROSS_DOWN,807.962000000087,1119.382000000087,73.19,238.23,311.41999999999996
SHORT,2023-08-02 11:15:00+05:30,3431.41515,218,2023-08-02 11:21:00+05:30,3441.3378999999995,CROSS_UP,-2474.1494999999395,-2163.1594999999397,73.28,237.71,310.99
LONG,2023-08-04 10:15:00+05:30,3471.4179499999996,215,2023-08-04 10:21:00+05:30,3457.9386,CROSS_DOWN,-3207.4902499999166,-2898.060249999917,73.03,236.4,309.43
SHORT,2023-08-09 09:21:00+05:30,3452.9436,215,2023-08-09 09:27:00+05:30,3455.5520999999994,CROSS_UP,-869.7174999998639,-560.8274999998639,72.8,236.09,308.89
LONG,2023-08-09 15:24:00+05:30,3467.8143499999996,214,2023-08-09 15:27:00+05:30,3463.533,EOD,-1224.708899999946,-916.208899999946,72.75,235.75,308.5
SHORT,2023-08-10 09:24:00+05:30,3438.4581000000003,215,2023-08-10 09:30:00+05:30,3441.1877499999996,CROSS_UP,-894.6747499998517,-586.8747499998517,72.6,235.2,307.79999999999995
LONG,2023-08-11 13:09:00+05:30,3463.2097499999995,214,2023-08-11 13:15:00+05:30,3460.3362,CROSS_DOWN,-923.169699999859,-614.9396999998589,72.68,235.55,308.23
SHORT,2023-08-14 10:03:00+05:30,3418.578,216,2023-08-14 10:09:00+05:30,3427.07365,CROSS_UP,-2142.630399999966,-1835.0603999999657,72.62,234.95,307.57
LONG,2023-08-14 15:09:00+05:30,3453.8003499999995,213,2023-08-14 15:15:00+05:30,3445.50105,CROSS_DOWN,-2073.730899999931,-1767.7508999999309,72.32,233.66,305.98
SHORT,2023-08-17 10:36:00+05:30,3423.6229500000004,215,2023-08-17 10:42:00+05:30,3424.9214999999995,CROSS_UP,-585.8382499997996,-279.1882499997996,72.37,234.28,306.65
LONG,2023-08-21 11:57:00+05:30,3388.3849999999998,217,2023-08-21 12:03:00+05:30,3381.6649500000003,CROSS_DOWN,-1764.18084999988,-1458.2508499998798,72.29,233.64,305.93
SHORT,2023-08-22 11:18:00+05:30,3378.76785,217,2023-08-22 11:24:00+05:30,3388.0346499999996,CROSS_UP,-2316.6455999998743,-2010.8955999998743,72.29,233.46,305.75
LONG,2023-08-23 11:09:00+05:30,3390.8374499999995,215,2023-08-23 11:15:00+05:30,3383.0136,CROSS_DOWN,-1985.797749999852,-1682.1277499998519,71.88,231.79,303.66999999999996
SHORT,2023-08-24 12:27:00+05:30,3381.615,215,2023-08-24 12:33:00+05:30,3393.1897999999997,CROSS_UP,-2792.191999999972,-2488.5819999999717,71.91,231.7,303.61
LONG,2023-08-28 12:06:00+05:30,3379.42605,215,2023-08-28 12:12:00+05:30,3374.8217999999997,CROSS_DOWN,-1292.9137500000688,-989.9137500000688,71.72,231.28,303.0
SHORT,2023-08-29 12:18:00+05:30,3368.628,215,2023-08-29 12:24:00+05:30,3374.6212499999997,CROSS_UP,-1591.0987499998998,-1288.5487499998999,71.65,230.9,302.55
LONG,2023-08-30 09:33:00+05:30,3391.6382499999995,213,2023-08-30 09:39:00+05:30,3380.86575,CROSS_DOWN,-2595.7024999999107,-2294.542499999911,71.44,229.72,301.15999999999997
SHORT,2023-08-31 12:57:00+05:30,3374.1225,213,2023-08-31 13:03:00+05:30,3377.5241499999997,CROSS_UP,-1025.1014499999553,-724.5514499999554,71.24,229.31,300.55
LONG,2023-09-01 15:27:00+05:30,3377.374,213,2023-09-04 09:18:00+05:30,3378.4681499999997,CROSS_DOWN,-67.75605000002139,233.0539499999786,71.24,229.57,300.81
SHORT,2023-09-06 11:51:00+05:30,3424.4721,210,2023-09-06 11:57:00+05:30,3430.7773499999994,CROSS_UP,-1624.8524999998808,-1324.1024999998808,71.31,229.44,300.75
LONG,2023-09-07 10:21:00+05:30,3435.3819499999995,209,2023-09-07 10:27:00+05:30,3428.4681,CROSS_DOWN,-1744.8446499998863,-1444.9946499998864,71.15,228.7,299.85
SHORT,2023-09-08 15:15:00+05:30,3438.1584,208,2023-09-08 15:21:00+05:30,3443.3398999999995,CROSS_UP,-1377.0719999999349,-1077.751999999935,71.03,228.29,299.32
LONG,2023-09-11 09:42:00+05:30,3481.4279499999993,205,2023-09-11 09:48:00+05:30,3469.0275,CROSS_DOWN,-2840.1122499998323,-2542.0922499998323,70.87,227.15,298.02
SHORT,2023-09-14 10:51:00+05:30,3557.3890499999998,200,2023-09-14 10:57:00+05:30,3563.5599999999995,CROSS_UP,-1532.229999999944,-1234.1899999999441,70.8,227.24,298.04
LONG,2023-09-15 10:21:00+05:30,3579.5759999999996,198,2023-09-15 10:27:00+05:30,3570.0763500000003,CROSS_DOWN,-2177.40069999986,-1880.9306999998598,70.54,225.93,296.47
SHORT,2023-09-20 15:09:00+05:30,3605.34105,196,2023-09-20 15:15:00+05:30,3612.0584499999995,CROSS_UP,-1612.9603999999104,-1316.6103999999104,70.49,225.86,296.35
LONG,2023-09-22 09:45:00+05:30,3589.1855999999993,197,2023-09-22 09:51:00+05:30,3579.9664500000003,CROSS_DOWN,-2112.062549999801,-1816.172549999801,70.43,225.46,295.89
SHORT,2023-09-25 10:39:00+05:30,3571.6247999999996,197,2023-09-25 10:45:00+05:30,3578.575,CROSS_UP,-1664.4694000000438,-1369.1894000000439,70.29,224.99,295.28000000000003
LONG,2023-09-26 15:21:00+05:30,3595.2916999999993,195,2023-09-26 15:27:00+05:30,3586.41,CROSS_DOWN,-2025.7314999998937,-1731.9314999998937,70.03,223.77,293.8
SHORT,2023-09-28 11:12:00+05:30,3564.68175,196,2023-09-28 11:18:00+05:30,3571.11755,CROSS_UP,-1554.94679999995,-1261.41679999995,69.95,223.58,293.53000000000003
LONG,2023-09-29 13:33:00+05:30,3555.7021499999996,196,2023-09-29 13:39:00+05:30,3554.89155,CROSS_DOWN,-451.65759999995976,-158.87759999995978,69.75,223.03,292.78
SHORT,2023-10-03 09:57:00+05:30,3486.6099,200,2023-10-03 10:03:00+05:30,3487.5340499999998,CROSS_UP,-477.8099999999654,-184.82999999996537,69.79,223.19,292.98
LONG,2023-10-04 15:15:00+05:30,3547.4939499999996,197,2023-10-04 15:21:00+05:30,3533.3631,CROSS_DOWN,-3076.4874499999123,-2783.7774499999123,69.88,222.83,292.71000000000004
SHORT,2023-10-10 09:54:00+05:30,3612.6837,192,2023-10-10 10:00:00+05:30,3619.66605,CROSS_UP,-1632.3811999999557,-1340.6111999999557,69.63,222.14,291.77
LONG,2023-10-11 10:27:00+05:30,3649.7460999999994,190,2023-10-11 10:33:00+05:30,3642.9534,CROSS_DOWN,-1581.8429999999075,-1290.6129999999075,69.52,221.71,291.23
SHORT,2023-10-11 13:30:00+05:30,3619.0773,191,2023-10-11 13:36:00+05:30,3626.072449999999,CROSS_UP,-1626.9936499998635,-1336.0736499998634,69.47,221.45,290.91999999999996
LONG,2023-10-13 12:21:00+05:30,3570.3167499999995,193,2023-10-13 12:27:00+05:30,3565.431,CROSS_DOWN,-1232.739749999896,-942.9497499998961,69.23,220.56,289.79
SHORT,2023-10-16 10:48:00+05:30,3542.454,194,2023-10-16 10:54:00+05:30,3544.5409999999997,CROSS_UP,-694.3179999999097,-404.87799999990966,69.14,220.3,289.44
LONG,2023-10-20 11:27:00+05:30,3492.0885999999996,197,2023-10-20 11:33:00+05:30,3490.2063,CROSS_DOWN,-660.3730999999525,-370.81309999995256,69.16,220.4,289.56
SHORT,2023-10-23 10:36:00+05:30,3452.79375,199,2023-10-23 10:42:00+05:30,3457.7542999999996,CROSS_UP,-1276.5894499999572,-987.1494499999571,69.17,220.27,289.44
LONG,2023-10-27 12:27:00+05:30,3353.50015,205,2023-10-27 12:33:00+05:30,3342.5541000000003,CROSS_DOWN,-2532.8002499999097,-2243.9402499999096,69.13,219.73,288.86
SHORT,2023-10-31 11:03:00+05:30,3350.8457999999996,204,2023-10-31 11:09:00+05:30,3356.7533999999996,CROSS_UP,-1493.3604000000005,-1205.1504000000004,68.95,219.26,288.21
LONG,2023-10-31 14:36:00+05:30,3375.372,202,2023-10-31 14:42:00+05:30,3368.5281,CROSS_DOWN,-1669.5777999999696,-1382.4677999999694,68.75,218.36,287.11
SHORT,2023-11-01 10:48:00+05:30,3360.68595,202,2023-11-01 10:54:00+05:30,3366.9635999999996,CROSS_UP,-1554.635299999907,-1268.085299999907,68.64,217.91,286.55
LONG,2023-11-02 11:21:00+05:30,3368.9155499999997,201,2023-11-02 11:27:00+05:30,3362.1345,CROSS_DOWN,-1648.4710499999187,-1362.9910499999187,68.45,217.03,285.48
SHORT,2023-11-03 12:48:00+05:30,3358.638,202,2023-11-03 12:54:00+05:30,3368.9655999999995,CROSS_UP,-2372.6351999999233,-2086.1751999999233,68.67,217.79,286.46
LONG,2023-11-06 10:51:00+05:30,3372.6693,200,2023-11-06 10:57:00+05:30,3366.63,CROSS_DOWN,-1492.4499999999823,-1207.8599999999824,68.27,216.32,284.59
SHORT,2023-11-07 13:39:00+05:30,3365.631,200,2023-11-07 13:45:00+05:30,3372.3689999999997,CROSS_UP,-1632.1399999999658,-1347.5999999999658,68.27,216.27,284.54
LONG,2023-11-08 10:27:00+05:30,3398.3949999999995,198,2023-11-08 10:33:00+05:30,3395.9007,CROSS_DOWN,-778.0913999998781,-493.8713999998781,68.16,216.06,284.22
SHORT,2023-11-09 09:39:00+05:30,3374.1225,199,2023-11-09 09:45:00+05:30,3384.93155,CROSS_UP,-2435.0009499999687,-2151.0009499999687,68.21,215.79,284.0
LONG,2023-11-13 09:18:00+05:30,3343.9906499999997,200,2023-11-13 09:24:00+05:30,3337.659,CROSS_DOWN,-1548.8799999999253,-1266.3299999999253,67.89,214.66,282.55
SHORT,2023-11-13 12:21:00+05:30,3326.1705,200,2023-11-13 12:27:00+05:30,3335.4320999999995,CROSS_UP,-2134.1099999998723,-1852.3199999998724,67.78,214.01,281.78999999999996
LONG,2023-11-15 09:30:00+05:30,3386.383,196,2023-11-15 09:36:00+05:30,3377.5191,CROSS_DOWN,-2017.9643999999666,-1737.3243999999668,67.56,213.08,280.64
SHORT,2023-11-17 15:15:00+05:30,3499.4470499999998,189,2023-11-17 15:21:00+05:30,3503.8003,CROSS_UP,-1103.134250000022,-822.764250000022,67.46,212.91,280.37
LONG,2023-11-20 10:36:00+05:30,3533.3298,187,2023-11-20 10:42:00+05:30,3521.72475,CROSS_DOWN,-2449.6043500000224,-2170.1443500000223,67.36,212.1,279.46
SHORT,2023-11-22 09:24:00+05:30,3491.505,189,2023-11-22 09:30:00+05:30,3492.1886999999992,CROSS_UP,-409.00929999983646,-129.2192999998365,67.31,212.48,279.78999999999996
LONG,2023-11-22 15:12:00+05:30,3535.2817499999996,186,2023-11-22 15:18:00+05:30,3523.6728,CROSS_DOWN,-2437.604699999967,-2159.264699999967,67.15,211.19,278.34000000000003
SHORT,2023-11-23 13:09:00+05:30,3502.74375,187,2023-11-23 13:15:00+05:30,3512.55905,CROSS_UP,-2113.6410999999534,-1835.4610999999536,67.1,211.08,278.18
LONG,2023-11-29 09:27:00+05:30,3512.4589499999993,186,2023-11-29 09:33:00+05:30,3498.14835,CROSS_DOWN,-2938.471599999877,-2661.7715999998773,66.87,209.83,276.70000000000005
SHORT,2023-11-30 12:18:00+05:30,3493.5529500000002,186,2023-11-30 12:24:00+05:30,3503.3498499999996,CROSS_UP,-2098.5633999998827,-1822.2233999998825,66.75,209.59,276.34000000000003
LONG,2023-12-01 12:42:00+05:30,3512.0084999999995,185,2023-12-01 12:48:00+05:30,3498.14835,CROSS_DOWN,-2839.5877499999115,-2564.1277499999114,66.63,208.83,275.46000000000004
SHORT,2023-12-04 14:24:00+05:30,3512.9835,184,2023-12-04 14:30:00+05:30,3519.8163,CROSS_UP,-1532.3352000000245,-1257.2352000000246,66.49,208.61,275.1
LONG,2023-12-04 14:39:00+05:30,3520.8172999999997,183,2023-12-04 14:45:00+05:30,3513.13335,CROSS_DOWN,-1680.052849999934,-1406.1628499999342,66.27,207.62,273.89
SHORT,2023-12-05 10:42:00+05:30,3501.495,184,2023-12-05 10:48:00+05:30,3508.5049999999997,CROSS_UP,-1564.1999999999566,-1289.8399999999565,66.35,208.01,274.36
LONG,2023-12-05 13:15:00+05:30,3523.9704499999993,182,2023-12-05 13:21:00+05:30,3516.48,CROSS_DOWN,-1636.1118999998776,-1363.2618999998776,66.07,206.78,272.85
SHORT,2023-12-08 11:39:00+05:30,3620.52585,177,2023-12-08 11:45:00+05:30,3628.6249999999995,CROSS_UP,-1706.6995499999211,-1433.549549999921,66.13,207.02,273.15
LONG,2023-12-08 11:57:00+05:30,3624.67105,176,2023-12-08 12:03:00+05:30,3613.383,CROSS_DOWN,-2258.1768000000197,-1986.6968000000197,65.85,205.63,271.48
SHORT,2023-12-13 09:54:00+05:30,3607.6887,176,2023-12-13 10:00:00+05:30,3602.5489499999994,CROSS_UP,633.6660000001286,904.5960000001287,65.59,205.34,270.93
LONG,2023-12-14 10:21:00+05:30,3659.6559999999995,174,2023-12-14 10:27:00+05:30,3658.48785,CROSS_DOWN,-474.8280999999154,-203.25809999991543,65.77,205.8,271.57
SHORT,2023-12-19 09:45:00+05:30,3802.5936,167,2023-12-19 09:51:00+05:30,3806.8029999999994,CROSS_UP,-974.0297999998793,-702.9697999998793,65.7,205.36,271.06
LONG,2023-12-20 09:51:00+05:30,3880.8769999999995,164,2023-12-20 09:57:00+05:30,3873.17295,CROSS_DOWN,-1534.6241999998965,-1263.4641999998967,65.75,205.41,271.15999999999997
SHORT,2023-12-20 14:51:00+05:30,3806.5396499999997,166,2023-12-20 14:57:00+05:30,3809.9561499999995,CROSS_UP,-837.0789999999693,-567.1389999999692,65.48,204.46,269.94
LONG,2023-12-22 11:15:00+05:30,3804.750949999999,166,2023-12-22 11:21:00+05:30,3796.2999,CROSS_DOWN,-1672.2842999998693,-1402.8742999998694,65.43,203.98,269.40999999999997
SHORT,2023-12-26 14:00:00+05:30,3790.25595,166,2023-12-26 14:06:00+05:30,3798.2444499999992,CROSS_UP,-1595.1409999998375,-1326.0909999998375,65.36,203.69,269.05
LONG,2023-12-28 09:30:00+05:30,3840.8369999999995,164,2023-12-28 09:36:00+05:30,3830.7653999999998,CROSS_DOWN,-1920.482399999961,-1651.742399999961,65.32,203.42,268.74
SHORT,2023-12-29 09:42:00+05:30,3794.8014,165,2023-12-29 09:48:00+05:30,3808.1543499999993,CROSS_UP,-2471.266749999919,-2203.236749999919,65.21,202.82,268.03
LONG,2024-01-01 13:30:00+05:30,3814.0602499999995,164,2024-01-01 13:36:00+05:30,3805.7404500000002,CROSS_DOWN,-1631.717199999886,-1364.447199999886,65.02,202.25,267.27
SHORT,2024-01-02 11:15:00+05:30,3774.37185,165,2024-01-02 11:21:00+05:30,3789.235449999999,CROSS_UP,-2719.353999999872,-2452.493999999872,65.01,201.85,266.86
LONG,2024-01-05 10:12:00+05:30,3716.6128999999996,167,2024-01-05 10:18:00+05:30,3702.5937000000004,CROSS_DOWN,-2606.486399999879,-2341.2063999998786,64.7,200.58,265.28000000000003
SHORT,2024-01-08 11:39:00+05:30,3699.24705,167,2024-01-08 11:45:00+05:30,3706.2024999999994,CROSS_UP,-1426.570149999912,-1161.560149999912,64.59,200.42,265.01
LONG,2024-01-09 10:39:00+05:30,3735.5818499999996,165,2024-01-09 10:45:00+05:30,3722.7735,CROSS_DOWN,-2377.2177499999657,-2113.3777499999655,64.42,199.42,263.84
SHORT,2024-01-09 15:06:00+05:30,3686.4099,167,2024-01-09 15:12:00+05:30,3691.3376499999995,CROSS_UP,-1087.1742499998961,-822.9342499998961,64.43,199.81,264.24
LONG,2024-01-10 11:39:00+05:30,3720.3666499999995,165,2024-01-10 11:45:00+05:30,3714.282,CROSS_DOWN,-1267.2372499998892,-1003.9672499998892,64.25,199.02,263.27
SHORT,2024-01-10 12:45:00+05:30,3692.75355,166,2024-01-10 12:51:00+05:30,3698.5948999999996,CROSS_UP,-1232.984099999949,-969.664099999949,64.26,199.06,263.32
LONG,2024-01-11 09:57:00+05:30,3718.7149999999997,164,2024-01-11 10:03:00+05:30,3708.7875,CROSS_DOWN,-1889.7899999999643,-1628.1099999999642,63.99,197.69,261.68
SHORT,2024-01-15 14:15:00+05:30,3892.5036,156,2024-01-15 14:21:00+05:30,3903.8999999999996,CROSS_UP,-2039.1783999999423,-1777.8383999999423,63.93,197.41,261.34
LONG,2024-01-17 10:57:00+05:30,3888.43455,156,2024-01-17 11:03:00+05:30,3881.76435,CROSS_DOWN,-1301.2512000000036,-1040.5512000000035,63.77,196.93,260.7
SHORT,2024-01-18 10:54:00+05:30,3871.5246,156,2024-01-18 11:00:00+05:30,3880.4265499999997,CROSS_UP,-1648.86419999992,-1388.70419999992,63.69,196.47,260.15999999999997
LONG,2024-01-18 13:51:00+05:30,3897.6937999999996,155,2024-01-18 13:57:00+05:30,3888.108,CROSS_DOWN,-1745.508999999904,-1485.798999999904,63.61,196.1,259.71
SHORT,2024-01-20 11:18:00+05:30,3897.1989,154,2024-01-20 11:24:00+05:30,3910.9570499999995,CROSS_UP,-2377.6250999999475,-2118.7550999999476,63.49,195.38,258.87
LONG,2024-01-30 09:21:00+05:30,3839.9360999999994,156,2024-01-30 09:27:00+05:30,3812.7834,CROSS_DOWN,-4492.941199999944,-4235.821199999944,63.27,193.85,257.12
SHORT,2024-01-30 15:27:00+05:30,3792.204,157,2024-01-31 09:18:00+05:30,3816.5126999999993,CROSS_UP,-4073.755899999864,-3816.465899999864,63.28,194.01,257.28999999999996
LONG,2024-01-31 11:39:00+05:30,3817.4135999999994,155,2024-01-31 11:45:00+05:30,3808.73745,CROSS_DOWN,-1600.1632499998952,-1344.8032499998953,62.79,192.57,255.35999999999999
SHORT,2024-01-31 11:51:00+05:30,3810.2859,155,2024-01-31 11:57:00+05:30,3818.264449999999,CROSS_UP,-1492.1052499999007,-1236.6752499999006,62.79,192.64,255.42999999999998
LONG,2024-02-01 09:42:00+05:30,3868.3144499999994,152,2024-02-01 09:48:00+05:30,3866.13,CROSS_DOWN,-586.3763999998918,-332.0363999998917,62.54,191.8,254.34
SHORT,2024-02-07 12:39:00+05:30,4089.35655,144,2024-02-07 12:45:00+05:30,4093.2891999999993,CROSS_UP,-821.091599999897,-566.301599999897,62.64,192.15,254.79000000000002
LONG,2024-02-08 10:51:00+05:30,4132.1780499999995,142,2024-02-08 10:57:00+05:30,4119.526349999999,CROSS_DOWN,-2050.031400000049,-1796.5414000000492,62.46,191.03,253.49
SHORT,2024-02-09 12:30:00+05:30,4108.53735,142,2024-02-09 12:36:00+05:30,4120.616499999999,CROSS_UP,-1968.1792999999393,-1715.2392999999392,62.35,190.59,252.94
LONG,2024-02-09 14:21:00+05:30,4136.832699999999,141,2024-02-09 14:27:00+05:30,4128.31755,CROSS_DOWN,-1453.0761499998966,-1200.6361499998966,62.23,190.21,252.44
SHORT,2024-02-12 12:21:00+05:30,4120.1757,141,2024-02-12 12:27:00+05:30,4125.120999999999,CROSS_UP,-949.2872999999163,-697.2872999999163,62.12,189.88,252.0
LONG,2024-02-13 12:09:00+05:30,4137.4333,140,2024-02-13 12:15:00+05:30,4120.9749,CROSS_DOWN,-2554.865999999934,-2304.175999999934,61.96,188.73,250.69
SHORT,2024-02-14 10:27:00+05:30,4088.907,141,2024-02-14 10:33:00+05:30,4096.092,CROSS_UP,-1263.5549999999282,-1013.0849999999282,61.85,188.62,250.47
LONG,2024-02-15 10:06:00+05:30,4118.164049999999,140,2024-02-15 10:12:00+05:30,4108.3875,CROSS_DOWN,-1618.7269999999423,-1368.7169999999423,61.78,188.23,250.01
SHORT,2024-02-19 09:24:00+05:30,4078.917,141,2024-02-19 09:30:00+05:30,4083.9799,CROSS_UP,-963.8288999999859,-713.8688999999858,61.74,188.22,249.96
LONG,2024-02-22 13:54:00+05:30,4036.7326999999996,142,2024-02-22 14:00:00+05:30,4041.4545,CROSS_DOWN,421.07560000003656,670.4956000000366,61.56,187.86,249.42000000000002
SHORT,2024-02-23 15:09:00+05:30,4046.1497999999997,142,2024-02-23 15:15:00+05:30,4054.2501999999995,CROSS_UP,-1400.0367999999728,-1150.2567999999728,61.73,188.05,249.78
LONG,2024-02-27 10:12:00+05:30,4082.8287499999997,140,2024-02-27 10:18:00+05:30,4078.16775,CROSS_DOWN,-901.0099999999445,-652.5399999999445,61.45,187.02,248.47000000000003
SHORT,2024-02-29 10:24:00+05:30,4095.1007999999997,140,2024-02-29 10:30:00+05:30,4109.255149999999,CROSS_UP,-2231.0089999999077,-1981.6089999999076,61.7,187.7,249.39999999999998
LONG,2024-03-01 10:33:00+05:30,4123.819699999999,138,2024-03-01 10:39:00+05:30,4100.64525,CROSS_DOWN,-3444.9340999999345,-3198.0740999999343,61.29,185.57,246.85999999999999
SHORT,2024-03-01 15:06:00+05:30,4090.3555499999998,138,2024-03-01 15:12:00+05:30,4099.24515,CROSS_UP,-1472.9947999999963,-1226.7647999999963,61.06,185.17,246.23
LONG,2024-03-06 14:15:00+05:30,4029.0249999999996,140,2024-03-06 14:21:00+05:30,4031.01495,CROSS_DOWN,32.50300000008261,278.5930000000826,60.96,185.13,246.09
SHORT,2024-03-13 12:42:00+05:30,4157.838,136,2024-03-13 12:48:00+05:30,4168.6645,CROSS_UP,-1719.0040000000167,-1472.4040000000168,61.15,185.45,246.6
LONG,2024-03-14 13:12:00+05:30,4192.4883,134,2024-03-14 13:18:00+05:30,4180.6152,CROSS_DOWN,-1835.7453999999725,-1590.9953999999725,60.81,183.94,244.75
SHORT,2024-03-18 15:03:00+05:30,4165.3305,135,2024-03-18 15:09:00+05:30,4151.5473999999995,CROSS_UP,1615.4485000000755,1860.7185000000754,60.72,184.55,245.27
LONG,2024-03-28 11:48:00+05:30,3900.0461499999997,144,2024-03-28 11:54:00+05:30,3884.76135,CROSS_DOWN,-2445.521199999921,-2201.011199999921,60.79,183.72,244.51
SHORT,2024-04-02 10:48:00+05:30,3881.8143,144,2024-04-02 10:54:00+05:30,3889.7859,CROSS_UP,-1392.2003999999788,-1147.9103999999788,60.7,183.59,244.29000000000002
LONG,2024-04-03 10:24:00+05:30,3928.47455,142,2024-04-03 10:30:00+05:30,3923.1229500000004,CROSS_DOWN,-1003.5171999999301,-759.92719999993,60.54,183.05,243.59
SHORT,2024-04-05 13:06:00+05:30,3965.3307,141,2024-04-05 13:12:00+05:30,3976.8228499999996,CROSS_UP,-1864.763149999941,-1620.3931499999412,60.74,183.63,244.37
LONG,2024-04-08 12:09:00+05:30,4013.9599499999995,138,2024-04-08 12:15:00+05:30,4013.982,CROSS_DOWN,-239.38709999993233,3.042900000067675,60.28,182.15,242.43
SHORT,2024-04-09 10:18:00+05:30,3979.8162,140,2024-04-09 10:24:00+05:30,3995.8918999999996,CROSS_UP,-2494.327999999918,-2250.597999999918,60.65,183.08,243.73000000000002
LONG,2024-04-10 14:09:00+05:30,3971.0670999999993,139,2024-04-10 14:15:00+05:30,3958.038,CROSS_DOWN,-2052.274899999901,-1811.0448999999012,60.16,181.07,241.23
SHORT,2024-04-15 12:42:00+05:30,3972.27375,139,2024-04-15 12:48:00+05:30,3979.4254499999993,CROSS_UP,-1235.9562999999216,-994.0862999999217,60.23,181.64,241.86999999999998
LONG,2024-04-18 11:39:00+05:30,3927.2232999999997,140,2024-04-18 11:45:00+05:30,3915.5805,CROSS_DOWN,-1870.5019999999474,-1629.9919999999474,60.01,180.5,240.51
SHORT,2024-04-18 15:09:00+05:30,3862.68345,142,2024-04-18 15:15:00+05:30,3871.11725,CROSS_UP,-1438.1995999999704,-1197.5995999999705,60.0,180.6,240.6
LONG,2024-04-22 11:54:00+05:30,3849.7459,142,2024-04-22 12:00:00+05:30,3838.30785,CROSS_DOWN,-1863.6030999999643,-1624.2030999999643,59.8,179.6,239.39999999999998
SHORT,2024-04-24 11:54:00+05:30,3855.39075,141,2024-04-24 12:00:00+05:30,3866.0621999999994,CROSS_UP,-1743.574449999911,-1504.6744499999108,59.7,179.2,238.89999999999998
LONG,2024-04-25 14:09:00+05:30,3867.1132499999994,140,2024-04-25 14:15:00+05:30,3852.4437000000003,CROSS_DOWN,-2291.156999999883,-2053.7369999998828,59.45,177.97,237.42000000000002
SHORT,2024-04-26 13:18:00+05:30,3840.156,141,2024-04-26 13:24:00+05:30,3846.0922499999997,CROSS_UP,-1075.101249999964,-837.0112499999641,59.51,178.58,238.09
LONG,2024-04-29 11:33:00+05:30,3858.50465,140,2024-04-29 11:39:00+05:30,3852.5935499999996,CROSS_DOWN,-1064.9040000000364,-827.5540000000365,59.37,177.98,237.35
SHORT,2024-04-30 12:36:00+05:30,3855.8403,140,2024-04-30 12:42:00+05:30,3861.8579999999997,CROSS_UP,-1079.9979999999828,-842.4779999999828,59.41,178.11,237.52
LONG,2024-05-02 12:42:00+05:30,3864.8109499999996,139,2024-05-02 12:48:00+05:30,3856.14,CROSS_DOWN,-1441.4620499999612,-1205.2620499999612,59.18,177.02,236.20000000000002
SHORT,2024-05-03 12:00:00+05:30,3802.5936,141,2024-05-03 12:06:00+05:30,3819.6658499999994,CROSS_UP,-2643.5172499998953,-2407.1872499998954,59.27,177.06,236.33
LONG,2024-05-06 09:57:00+05:30,3924.9209999999994,136,2024-05-06 10:03:00+05:30,3924.072,CROSS_DOWN,-350.7639999998981,-115.46399999989808,58.95,176.35,235.3
SHORT,2024-05-09 09:18:00+05:30,3946.8991499999997,135,2024-05-09 09:24:00+05:30,3948.3944499999993,CROSS_UP,-436.8754999999444,-201.8654999999444,58.9,176.11,235.01000000000002
LONG,2024-05-09 15:27:00+05:30,3959.9559999999997,134,2024-05-10 09:18:00+05:30,3924.072,CROSS_DOWN,-5041.295999999941,-4808.455999999941,58.74,174.1,232.84
SHORT,2024-05-10 09:27:00+05:30,3949.6464,134,2024-05-10 09:33:00+05:30,3966.4624999999996,CROSS_UP,-2487.2473999999397,-2253.35739999994,58.8,175.09,233.89
SHORT,2024-05-10 11:18:00+05:30,3916.4796,134,2024-05-10 11:24:00+05:30,3923.9199999999996,CROSS_UP,-1229.243599999933,-997.0135999999329,58.42,173.81,232.23000000000002
LONG,2024-05-13 12:51:00+05:30,3931.9279999999994,133,2024-05-13 12:57:00+05:30,3924.02205,CROSS_DOWN,-1282.7013499999193,-1051.4913499999193,58.23,172.98,231.20999999999998
SHORT,2024-05-14 11:45:00+05:30,3909.03705,134,2024-05-14 11:51:00+05:30,3915.5115999999994,CROSS_UP,-1099.469699999927,-867.5896999999268,58.35,173.53,231.88
LONG,2024-05-17 10:30:00+05:30,3878.4245499999997,134,2024-05-17 10:36:00+05:30,3884.8113,CROSS_DOWN,625.2045000000161,855.8245000000161,58.02,172.6,230.62
SHORT,2024-05-17 13:36:00+05:30,3847.149,136,2024-05-17 13:42:00+05:30,3855.8519999999994,CROSS_UP,-1415.2979999999347,-1183.6079999999347,58.33,173.36,231.69
LONG,2024-05-22 11:18:00+05:30,3832.7288999999996,136,2024-05-22 11:24:00+05:30,3825.171,CROSS_DOWN,-1258.4943999999714,-1027.8743999999715,58.12,172.5,230.62
SHORT,2024-05-24 11:54:00+05:30,3854.6914500000003,135,2024-05-24 12:00:00+05:30,3861.8579999999997,CROSS_UP,-1198.1642499999273,-967.4842499999272,58.13,172.55,230.68
LONG,2024-05-27 10:33:00+05:30,3902.4485499999996,133,2024-05-27 10:39:00+05:30,3900.04605,CROSS_DOWN,-549.5724999999588,-319.5324999999589,57.97,172.07,230.04
SHORT,2024-05-27 15:24:00+05:30,3842.20395,135,2024-05-27 15:27:00+05:30,3851.49765,EOD,-1484.7394999999617,-1254.6494999999618,58.03,172.06,230.09
LONG,2024-06-03 11:30:00+05:30,3705.7520499999996,139,2024-06-03 11:36:00+05:30,3694.45185,CROSS_DOWN,-1799.027799999955,-1570.727799999955,57.71,170.59,228.3
SHORT,2024-06-03 12:18:00+05:30,3706.1401499999997,139,2024-06-03 12:24:00+05:30,3714.7610499999996,CROSS_UP,-1427.155099999985,-1198.305099999985,57.8,171.05,228.85000000000002
LONG,2024-06-03 12:48:00+05:30,3713.6098999999995,138,2024-06-03 12:54:00+05:30,3704.64165,CROSS_DOWN,-1465.0884999999232,-1237.6184999999232,57.54,169.93,227.47
SHORT,2024-06-04 09:24:00+05:30,3672.7236000000003,139,2024-06-04 09:30:00+05:30,3682.4788,CROSS_UP,-1583.192799999945,-1355.972799999945,57.5,169.72,227.22
LONG,2024-06-04 15:12:00+05:30,3732.8791499999998,137,2024-06-04 15:18:00+05:30,3719.4268500000003,CROSS_DOWN,-2069.885099999927,-1842.9650999999271,57.47,169.45,226.92
SHORT,2024-06-10 11:00:00+05:30,3851.145,132,2024-06-10 11:06:00+05:30,3866.5626999999995,CROSS_UP,-2261.6363999999357,-2035.1363999999357,57.4,169.1,226.5
LONG,2024-06-11 12:24:00+05:30,3875.8719999999994,130,2024-06-11 12:30:00+05:30,3869.0271000000002,CROSS_DOWN,-1114.3669999998885,-889.8369999998886,56.97,167.56,224.53
SHORT,2024-06-12 14:21:00+05:30,3838.20795,131,2024-06-12 14:27:00+05:30,3847.9440999999997,CROSS_UP,-1499.935649999964,-1275.435649999964,56.98,167.52,224.5
LONG,2024-06-13 11:12:00+05:30,3887.4835999999996,129,2024-06-13 11:18:00+05:30,3877.7183999999997,CROSS_DOWN,-1483.300799999977,-1259.710799999977,56.81,166.78,223.59
SHORT,2024-06-13 14:48:00+05:30,3863.98215,130,2024-06-13 14:54:00+05:30,3876.2223499999996,CROSS_UP,-1815.575999999965,-1591.225999999965,56.97,167.38,224.35
LONG,2024-06-14 09:15:00+05:30,3877.5736999999995,129,2024-06-14 09:21:00+05:30,3854.9412,CROSS_DOWN,-3142.262499999904,-2919.592499999904,56.73,165.94,222.67
SHORT,2024-06-14 09:27:00+05:30,3851.69445,129,2024-06-14 09:33:00+05:30,3856.6528,CROSS_UP,-861.9971499999848,-639.6271499999848,56.55,165.82,222.37
LONG,2024-06-21 09:30:00+05:30,3861.5576999999994,128,2024-06-21 09:36:00+05:30,3853.6425,CROSS_DOWN,-1234.2655999999306,-1013.1455999999307,56.33,164.79,221.12
SHORT,2024-06-21 15:00:00+05:30,3818.9772000000003,129,2024-06-21 15:06:00+05:30,3814.9611499999996,CROSS_UP,297.27045000008155,518.0704500000816,56.19,164.61,220.8
LONG,2024-06-24 10:03:00+05:30,3837.5336999999995,129,2024-06-24 10:09:00+05:30,3831.0651000000003,CROSS_DOWN,-1055.8893999999023,-834.4493999999022,56.38,165.06,221.44
SHORT,2024-06-24 15:18:00+05:30,3811.83435,129,2024-06-24 15:24:00+05:30,3819.36555,CROSS_UP,-1192.094799999987,-971.524799999987,56.23,164.34,220.57
LONG,2024-06-26 09:21:00+05:30,3860.1062499999994,128,2024-06-26 09:27:00+05:30,3849.99615,CROSS_DOWN,-1515.0627999999258,-1294.0927999999258,56.32,164.65,220.97
SHORT,2024-06-27 10:18:00+05:30,3844.5516000000002,128,2024-06-27 10:24:00+05:30,3853.1993499999994,CROSS_UP,-1327.6219999998948,-1106.9119999998948,56.26,164.45,220.70999999999998
LONG,2024-06-27 11:45:00+05:30,3906.5025999999993,125,2024-06-27 11:51:00+05:30,3902.094,CROSS_DOWN,-770.224999999912,-551.074999999912,55.94,163.21,219.15
SHORT,2024-06-28 14:42:00+05:30,3923.82225,125,2024-06-28 14:48:00+05:30,3939.8859499999994,CROSS_UP,-2228.1724999999055,-2007.9624999999055,56.22,163.99,220.21
LONG,2024-07-01 10:27:00+05:30,3961.9079499999993,123,2024-07-01 10:33:00+05:30,3956.2398,CROSS_DOWN,-915.9324499999402,-697.1824499999402,55.87,162.88,218.75
SHORT,2024-07-03 10:33:00+05:30,3953.6923500000003,123,2024-07-03 10:39:00+05:30,3968.9649999999997,CROSS_UP,-2097.2559499999297,-1878.53594999993,55.93,162.79,218.72
LONG,2024-07-04 10:06:00+05:30,4023.4193999999998,120,2024-07-04 10:12:00+05:30,4013.93205,CROSS_DOWN,-1355.5219999999854,-1138.4819999999854,55.57,161.47,217.04
SHORT,2024-07-05 11:09:00+05:30,3989.75625,121,2024-07-05 11:15:00+05:30,3998.5445499999996,CROSS_UP,-1280.8042999999648,-1063.3842999999647,55.64,161.78,217.42000000000002
LONG,2024-07-09 13:06:00+05:30,3995.4414499999993,120,2024-07-09 13:12:00+05:30,3993.95205,CROSS_DOWN,-394.8579999999373,-178.7279999999373,55.35,160.78,216.13
SHORT,2024-07-09 13:45:00+05:30,3992.7032999999997,120,2024-07-09 13:51:00+05:30,4001.8478499999997,CROSS_UP,-1313.4859999999978,-1097.3459999999977,55.4,160.74,216.14000000000001
LONG,2024-07-09 14:00:00+05:30,4003.8498499999996,120,2024-07-09 14:06:00+05:30,3995.7003,CROSS_DOWN,-1194.2059999999562,-977.9459999999563,55.42,160.84,216.26
SHORT,2024-07-09 14:42:00+05:30,3974.27175,120,2024-07-09 14:48:00+05:30,3987.1331499999997,CROSS_UP,-1758.757999999973,-1543.367999999973,55.29,160.1,215.39
LONG,2024-07-12 09:21:00+05:30,4024.4203999999995,118,2024-07-12 09:27:00+05:30,4022.4735,CROSS_DOWN,-444.2441999999362,-229.7341999999362,55.05,159.46,214.51
SHORT,2024-07-15 15:00:00+05:30,4166.77905,114,2024-07-15 15:06:00+05:30,4174.32015,CROSS_UP,-1074.3653999999385,-859.6853999999385,55.12,159.56,214.68
LONG,2024-07-18 09:54:00+05:30,4213.3090999999995,113,2024-07-18 10:00:00+05:30,4201.2945,CROSS_DOWN,-1572.2597999999455,-1357.6497999999456,55.13,159.48,214.60999999999999
SHORT,2024-07-22 09:30:00+05:30,4302.0436500000005,110,2024-07-22 09:36:00+05:30,4300.295999999999,CROSS_UP,-21.7384999998726,192.24150000012742,54.93,159.05,213.98000000000002
LONG,2024-07-23 11:39:00+05:30,4317.7634499999995,110,2024-07-23 11:45:00+05:30,4295.8998,CROSS_DOWN,-2618.9114999999256,-2405.0014999999257,55.05,158.86,213.91000000000003
SHORT,2024-07-24 13:54:00+05:30,4281.8139,110,2024-07-24 14:00:00+05:30,4294.790499999999,CROSS_UP,-1640.7259999998957,-1427.4259999998958,54.89,158.41,213.3
LONG,2024-07-25 12:09:00+05:30,4331.1268,108,2024-07-25 12:15:00+05:30,4330.2654,CROSS_DOWN,-305.0711999999758,-93.0311999999758,54.58,157.46,212.04000000000002
SHORT,2024-07-29 12:36:00+05:30,4385.56005,107,2024-07-29 12:42:00+05:30,4391.336949999999,CROSS_UP,-830.7582999998857,-618.1282999998857,54.72,157.91,212.63
LONG,2024-07-31 10:00:00+05:30,4387.383,107,2024-07-31 10:06:00+05:30,4382.96265,CROSS_DOWN,-685.4974499999375,-472.97744999993756,54.69,157.83,212.52
SHORT,2024-08-01 11:12:00+05:30,4381.614,107,2024-08-01 11:18:00+05:30,4391.387,CROSS_UP,-1258.2210000000148,-1045.7110000000148,54.72,157.79,212.51
LONG,2024-08-06 10:51:00+05:30,4222.56835,110,2024-08-06 10:57:00+05:30,4221.124650000001,CROSS_DOWN,-369.66699999987884,-158.80699999987883,54.36,156.5,210.86
SHORT,2024-08-06 15:03:00+05:30,4161.3844500000005,112,2024-08-06 15:09:00+05:30,4172.318149999999,CROSS_UP,-1436.1243999998521,-1224.5743999998522,54.55,157.0,211.55
LONG,2024-08-07 10:21:00+05:30,4200.696499999999,110,2024-08-07 10:27:00+05:30,4200.9947999999995,CROSS_DOWN,-177.25699999995805,32.81300000004194,54.2,155.87,210.07
SHORT,2024-08-07 13:00:00+05:30,4185.81,111,2024-08-07 13:06:00+05:30,4195.44125,CROSS_UP,-1280.0987499999394,-1069.0687499999394,54.44,156.59,211.03
LONG,2024-08-07 14:45:00+05:30,4199.94575,110,2024-08-07 14:51:00+05:30,4194.151650000001,CROSS_DOWN,-847.2009999999078,-637.3509999999078,54.2,155.65,209.85000000000002
SHORT,2024-08-08 14:42:00+05:30,4174.9209,111,2024-08-08 14:48:00+05:30,4187.132949999999,CROSS_UP,-1566.157549999909,-1355.537549999909,54.38,156.24,210.62
LONG,2024-08-09 10:03:00+05:30,4235.231,109,2024-08-09 10:09:00+05:30,4235.4603,CROSS_DOWN,-184.91630000000367,24.993699999996352,54.17,155.74,209.91000000000003
SHORT,2024-08-12 10:27:00+05:30,4195.6002,110,2024-08-12 10:33:00+05:30,4200.346149999999,CROSS_UP,-731.9544999999492,-522.0544999999493,54.2,155.7,209.89999999999998
LONG,2024-08-12 13:30:00+05:30,4226.422199999999,109,2024-08-12 13:36:00+05:30,4216.2795,CROSS_DOWN,-1314.804299999937,-1105.554299999937,54.11,155.14,209.25
SHORT,2024-08-12 14:00:00+05:30,4214.980799999999,109,2024-08-12 14:06:00+05:30,4228.27405,CROSS_UP,-1658.1842500000682,-1448.9642500000682,54.12,155.1,209.22
LONG,2024-08-13 11:27:00+05:30,4229.224999999999,108,2024-08-13 11:33:00+05:30,4210.3854,CROSS_DOWN,-2242.2767999999282,-2034.6767999999283,53.85,153.75,207.6
SHORT,2024-08-13 13:30:00+05:30,4204.64115,108,2024-08-13 13:36:00+05:30,4209.205,CROSS_UP,-700.1857999999511,-492.8957999999511,53.71,153.58,207.29000000000002
LONG,2024-08-14 10:21:00+05:30,4294.3901,105,2024-08-14 10:27:00+05:30,4286.75895,CROSS_DOWN,-1007.1607499999214,-801.2707499999215,53.46,152.43,205.89000000000001
SHORT,2024-08-21 11:33:00+05:30,4510.6848,100,2024-08-21 11:39:00+05:30,4520.0154999999995,CROSS_UP,-1139.3099999999524,-933.0699999999524,53.53,152.71,206.24
LONG,2024-08-21 14:39:00+05:30,4542.988449999999,99,2024-08-21 14:45:00+05:30,4533.41205,CROSS_DOWN,-1153.5135999999022,-948.0635999999022,53.39,152.06,205.45
SHORT,2024-08-22 13:24:00+05:30,4503.3921,100,2024-08-22 13:30:00+05:30,4507.503,CROSS_UP,-617.0399999999674,-411.0899999999674,53.45,152.5,205.95
LONG,2024-08-26 10:06:00+05:30,4541.687149999999,99,2024-08-26 10:12:00+05:30,4535.909549999999,CROSS_DOWN,-777.4923999999444,-571.9823999999444,53.38,152.13,205.51
SHORT,2024-08-27 10:27:00+05:30,4491.65385,100,2024-08-27 10:33:00+05:30,4502.498,CROSS_UP,-1289.99499999999,-1084.41499999999,53.42,152.16,205.57999999999998
LONG,2024-08-28 11:39:00+05:30,4558.553999999999,98,2024-08-28 11:45:00+05:30,4548.447,CROSS_DOWN,-1194.855999999908,-990.485999999908,53.19,151.18,204.37
SHORT,2024-08-29 14:06:00+05:30,4488.2073,99,2024-08-29 14:12:00+05:30,4505.751249999999,CROSS_UP,-1940.771049999932,-1736.851049999932,53.14,150.78,203.92000000000002
LONG,2024-08-30 10:48:00+05:30,4539.935399999999,98,2024-08-30 10:54:00+05:30,4529.51595,CROSS_DOWN,-1224.8160999999427,-1021.1060999999427,53.06,150.65,203.71
SHORT,2024-09-02 14:39:00+05:30,4526.6687999999995,98,2024-09-02 14:45:00+05:30,4538.8342999999995,CROSS_UP,-1395.8490000000065,-1192.2190000000064,53.06,150.57,203.63
LONG,2024-09-03 14:15:00+05:30,4545.040499999999,97,2024-09-03 14:21:00+05:30,4535.9595,CROSS_DOWN,-1083.1969999999244,-880.8569999999245,52.8,149.54,202.33999999999997
SHORT,2024-09-04 09:24:00+05:30,4464.38115,99,2024-09-04 09:30:00+05:30,4468.21375,CROSS_UP,-582.4273999999732,-379.4273999999732,52.9,150.1,203.0
LONG,2024-09-06 09:27:00+05:30,4514.209699999999,97,2024-09-06 09:33:00+05:30,4499.14635,CROSS_DOWN,-1662.2549499999461,-1461.1449499999462,52.6,148.51,201.10999999999999
SHORT,2024-09-06 12:03:00+05:30,4457.188349999999,98,2024-09-06 12:09:00+05:30,4472.468,CROSS_UP,-1698.6557000000394,-1497.4057000000394,52.63,148.62,201.25
LONG,2024-09-09 10:36:00+05:30,4480.125649999999,97,2024-09-09 10:42:00+05:30,4470.2253,CROSS_DOWN,-1160.423949999901,-960.333949999901,52.38,147.71,200.09
SHORT,2024-09-09 15:15:00+05:30,4443.2523,98,2024-09-09 15:21:00+05:30,4454.50005,CROSS_UP,-1303.019499999955,-1102.279499999955,52.51,148.23,200.73999999999998
LONG,2024-09-10 11:33:00+05:30,4498.494,96,2024-09-10 11:39:00+05:30,4493.3022,CROSS_DOWN,-697.6827999999618,-498.41279999996186,52.2,147.07,199.26999999999998
SHORT,2024-09-11 14:54:00+05:30,4479.3162,97,2024-09-11 15:00:00+05:30,4480.82635,CROSS_UP,-346.8245500000065,-146.4845500000065,52.38,147.96,200.34
LONG,2024-09-13 09:36:00+05:30,4519.86535,96,2024-09-13 09:42:00+05:30,4508.13735,CROSS_DOWN,-1325.6980000000062,-1125.8880000000063,52.34,147.47,199.81
SHORT,2024-09-16 11:21:00+05:30,4515.48,96,2024-09-16 11:27:00+05:30,4522.718199999999,CROSS_UP,-894.8871999999787,-694.8671999999788,52.35,147.67,200.01999999999998
LONG,2024-09-17 12:27:00+05:30,4522.718199999999,95,2024-09-17 12:33:00+05:30,4516.9785,CROSS_DOWN,-743.7414999999216,-545.2714999999216,52.05,146.42,198.46999999999997
SHORT,2024-09-17 15:24:00+05:30,4500.44505,95,2024-09-17 15:27:00+05:30,4515.5109999999995,EOD,-1629.2452499999285,-1431.2652499999285,52.01,145.97,197.98
LONG,2024-09-23 10:45:00+05:30,4276.32205,100,2024-09-23 10:51:00+05:30,4266.079650000001,CROSS_DOWN,-1221.869999999918,-1024.239999999918,51.92,145.71,197.63
SHORT,2024-09-23 11:45:00+05:30,4262.88285,100,2024-09-23 11:51:00+05:30,4265.2609999999995,CROSS_UP,-435.27499999995507,-237.81499999995503,51.85,145.61,197.46
LONG,2024-09-24 14:30:00+05:30,4291.286999999999,99,2024-09-24 14:36:00+05:30,4282.26345,CROSS_DOWN,-1090.0114499998988,-893.3314499998987,51.74,144.94,196.68
SHORT,2024-09-25 11:42:00+05:30,4249.4463,100,2024-09-25 11:48:00+05:30,4259.254999999999,CROSS_UP,-1177.909999999959,-980.869999999959,51.81,145.23,197.04
LONG,2024-09-26 09:27:00+05:30,4312.307999999999,98,2024-09-26 09:33:00+05:30,4298.44725,CROSS_DOWN,-1554.1134999998937,-1358.3534999998938,51.59,144.17,195.76
SHORT,2024-09-30 09:30:00+05:30,4270.8249000000005,99,2024-09-30 09:36:00+05:30,4286.7324499999995,CROSS_UP,-1771.1774499999,-1574.8474499999002,51.71,144.62,196.33
LONG,2024-10-01 15:24:00+05:30,4295.9917,98,2024-10-01 15:27:00+05:30,4278.96675,EOD,-1863.555099999999,-1668.445099999999,51.48,143.63,195.10999999999999
SHORT,2024-10-03 09:33:00+05:30,4247.348400000001,99,2024-10-03 09:39:00+05:30,4255.8516,CROSS_UP,-1037.2667999999205,-841.8167999999205,51.5,143.95,195.45
LONG,2024-10-04 10:54:00+05:30,4275.62135,98,2024-10-04 11:00:00+05:30,4263.6321,CROSS_DOWN,-1369.4965000000527,-1174.9465000000528,51.35,143.2,194.54999999999998
SHORT,2024-10-07 12:36:00+05:30,4247.69805,98,2024-10-07 12:42:00+05:30,4249.645399999999,CROSS_UP,-384.7702999999471,-190.8402999999471,51.18,142.75,193.93
LONG,2024-10-07 15:15:00+05:30,4278.12385,97,2024-10-07 15:21:00+05:30,4263.08265,CROSS_DOWN,-1652.0363999999672,-1458.9963999999673,51.08,141.96,193.04000000000002
SHORT,2024-10-08 10:18:00+05:30,4216.878900000001,98,2024-10-08 10:24:00+05:30,4224.5203,CROSS_UP,-941.7571999999531,-748.8571999999531,51.02,141.88,192.9
LONG,2024-10-08 15:15:00+05:30,4261.957699999999,97,2024-10-08 15:21:00+05:30,4246.5492,CROSS_DOWN,-1687.104499999868,-1494.624499999868,50.98,141.5,192.48
SHORT,2024-10-10 10:48:00+05:30,4254.741,97,2024-10-10 10:54:00+05:30,4269.31505,CROSS_UP,-1606.4428500000165,-1413.6828500000165,51.03,141.73,192.76
LONG,2024-10-10 12:03:00+05:30,4288.984699999999,96,2024-10-10 12:09:00+05:30,4283.5122,CROSS_DOWN,-717.5299999998988,-525.3599999998987,50.87,141.3,192.17000000000002
SHORT,2024-10-10 12:54:00+05:30,4221.82395,97,2024-10-10 13:00:00+05:30,4239.235,CROSS_UP,-1880.5118499999712,-1688.8718499999713,50.83,140.81,191.64
LONG,2024-10-14 13:18:00+05:30,4159.7555999999995,98,2024-10-14 13:24:00+05:30,4146.4494,CROSS_DOWN,-1494.5175999999099,-1304.0075999999099,50.6,139.91,190.51
SHORT,2024-10-15 10:30:00+05:30,4116.879,99,2024-10-15 10:36:00+05:30,4123.36925,CROSS_UP,-833.4247499999834,-642.5347499999834,50.63,140.26,190.89
LONG,2024-10-16 15:03:00+05:30,4098.594499999999,99,2024-10-16 15:09:00+05:30,4093.5024000000003,CROSS_DOWN,-694.1878999998946,-504.1178999998947,50.47,139.6,190.07
SHORT,2024-10-21 10:06:00+05:30,4100.895,99,2024-10-21 10:12:00+05:30,4110.506399999999,CROSS_UP,-1141.8785999998877,-951.5285999998878,50.55,139.8,190.35000000000002
LONG,2024-10-23 11:51:00+05:30,4115.060949999999,98,2024-10-23 11:57:00+05:30,4101.894,CROSS_DOWN,-1479.3310999998928,-1290.3610999998928,50.31,138.66,188.97
SHORT,2024-10-24 09:54:00+05:30,4030.4655,100,2024-10-24 10:00:00+05:30,4037.58355,CROSS_UP,-901.1050000000039,-711.8050000000039,50.34,138.96,189.3
LONG,2024-10-25 10:06:00+05:30,4084.3302499999995,98,2024-10-25 10:12:00+05:30,4078.0179,CROSS_DOWN,-806.7102999999703,-618.6102999999703,50.11,137.99,188.10000000000002
SHORT,2024-10-25 14:03:00+05:30,4042.8531000000003,99,2024-10-25 14:09:00+05:30,4053.0489999999995,CROSS_UP,-1197.7240999999262,-1009.3940999999263,50.17,138.16,188.32999999999998
LONG,2024-10-28 10:15:00+05:30,4086.0819999999994,98,2024-10-28 10:21:00+05:30,4084.76115,CROSS_DOWN,-317.7432999999617,-129.4432999999617,50.12,138.18,188.3
SHORT,2024-10-29 10:30:00+05:30,4061.68425,98,2024-10-29 10:36:00+05:30,4068.8648,CROSS_UP,-891.2339000000038,-703.6939000000039,50.01,137.53,187.54
LONG,2024-10-30 10:30:00+05:30,4099.1951,97,2024-10-30 10:36:00+05:30,4093.902,CROSS_DOWN,-700.6206999999872,-513.4306999999872,49.93,137.26,187.19
SHORT,2024-10-31 09:30:00+05:30,4002.0939,99,2024-10-31 09:36:00+05:30,4008.4544499999993,CROSS_UP,-816.5744499999427,-629.6944499999427,49.88,137.0,186.88
LONG,2024-11-05 10:09:00+05:30,3966.8628999999996,100,2024-11-05 10:15:00+05:30,3959.6364,CROSS_DOWN,-909.4599999999759,-722.649999999976,49.87,136.94,186.81
SHORT,2024-11-08 12:51:00+05:30,4128.41745,96,2024-11-08 12:57:00+05:30,4134.5804499999995,CROSS_UP,-778.5779999999575,-591.6479999999574,49.89,137.04,186.93
LONG,2024-11-11 09:45:00+05:30,4201.947749999999,94,2024-11-11 09:51:00+05:30,4188.807,CROSS_DOWN,-1421.2904999999596,-1235.2304999999596,49.76,136.3,186.06
SHORT,2024-11-12 11:24:00+05:30,4176.819,94,2024-11-12 11:30:00+05:30,4181.9778,CROSS_UP,-670.5371999999292,-484.92719999992914,49.63,135.98,185.60999999999999
LONG,2024-11-12 14:45:00+05:30,4212.7085,93,2024-11-12 14:51:00+05:30,4197.1986,CROSS_DOWN,-1627.3007000000016,-1442.4207000000015,49.55,135.33,184.88
SHORT,2024-11-13 09:48:00+05:30,4153.7420999999995,94,2024-11-13 09:54:00+05:30,4165.661499999999,CROSS_UP,-1305.3135999999784,-1120.4235999999783,49.53,135.36,184.89000000000001
LONG,2024-11-14 14:15:00+05:30,4148.394249999999,94,2024-11-14 14:21:00+05:30,4144.701150000001,CROSS_DOWN,-531.6813999998678,-347.15139999986786,49.42,135.11,184.53000000000003
LONG,2024-11-14 14:33:00+05:30,4156.151999999999,94,2024-11-14 14:39:00+05:30,4145.450400000001,CROSS_DOWN,-1190.5503999998596,-1005.9503999998597,49.47,135.13,184.6
SHORT,2024-11-14 14:57:00+05:30,4138.7571,94,2024-11-14 15:03:00+05:30,4144.790649999999,CROSS_UP,-751.5036999999244,-567.1536999999244,49.4,134.95,184.35
SHORT,2024-11-14 15:06:00+05:30,4141.254599999999,94,2024-11-14 15:12:00+05:30,4150.546399999999,CROSS_UP,-1057.889199999997,-873.4291999999969,49.44,135.02,184.46
SHORT,2024-11-18 09:33:00+05:30,4063.9819500000003,95,2024-11-18 09:39:00+05:30,4058.9048499999994,CROSS_UP,299.07450000008384,482.32450000008384,49.14,134.11,183.25
LONG,2024-11-19 10:48:00+05:30,4110.306199999999,94,2024-11-19 10:54:00+05:30,4102.4934,CROSS_DOWN,-917.573199999886,-734.403199999886,49.19,133.98,183.17
SHORT,2024-11-21 10:09:00+05:30,4058.18775,95,2024-11-21 10:15:00+05:30,4065.4613999999997,CROSS_UP,-874.1267499999652,-690.9967499999652,49.18,133.95,183.13
LONG,2024-11-22 09:51:00+05:30,4104.150049999999,94,2024-11-22 09:57:00+05:30,4104.14175,CROSS_DOWN,-183.95019999995378,-0.7801999999537657,49.15,134.02,183.17000000000002
SHORT,2024-11-27 15:21:00+05:30,4331.7639,89,2024-11-27 15:27:00+05:30,4337.282949999999,CROSS_UP,-674.3054499999083,-491.1954499999083,49.16,133.95,183.10999999999999
LONG,2024-11-29 12:12:00+05:30,4286.532249999999,90,2024-11-29 12:18:00+05:30,4274.47125,CROSS_DOWN,-1268.3499999999726,-1085.4899999999725,49.15,133.71,182.86
SHORT,2024-12-02 10:42:00+05:30,4251.8938499999995,90,2024-12-02 10:48:00+05:30,4258.404149999999,CROSS_UP,-768.0369999999924,-585.9269999999924,48.98,133.13,182.10999999999999
LONG,2024-12-02 13:57:00+05:30,4286.1819,89,2024-12-02 14:03:00+05:30,4277.9178,CROSS_DOWN,-916.9448999999481,-735.5048999999481,48.86,132.58,181.44
SHORT,2024-12-09 12:30:00+05:30,4425.8697,86,2024-12-09 12:36:00+05:30,4431.0266,CROSS_UP,-624.8733999999957,-443.49339999999575,48.84,132.54,181.38
LONG,2024-12-09 15:12:00+05:30,4458.654199999999,85,2024-12-09 15:18:00+05:30,4448.99655,CROSS_DOWN,-1001.4402499999314,-820.9002499999315,48.7,131.84,180.54000000000002
SHORT,2024-12-10 12:51:00+05:30,4425.669900000001,86,2024-12-10 12:57:00+05:30,4433.629199999999,CROSS_UP,-865.8897999998813,-684.4997999998814,48.85,132.54,181.39
LONG,2024-12-12 09:39:00+05:30,4477.473,84,2024-12-12 09:45:00+05:30,4470.525,CROSS_DOWN,-763.2220000000269,-583.6320000000269,48.51,131.08,179.59
SHORT,2024-12-13 10:12:00+05:30,4442.20335,85,2024-12-13 10:18:00+05:30,4433.428999999999,CROSS_UP,565.5797500000506,745.8197500000506,48.56,131.68,180.24
LONG,2024-12-13 13:33:00+05:30,4488.283799999999,84,2024-12-13 13:39:00+05:30,4476.56895,CROSS_DOWN,-1163.8473999999485,-984.0473999999485,48.57,131.23,179.79999999999998
SHORT,2024-12-16 11:15:00+05:30,4430.964599999999,85,2024-12-16 11:21:00+05:30,4437.2328,CROSS_UP,-712.7770000000369,-532.7970000000369,48.58,131.4,179.98000000000002
LONG,2024-12-18 14:03:00+05:30,4351.547199999999,86,2024-12-18 14:09:00+05:30,4338.90675,CROSS_DOWN,-1265.8586999999109,-1087.078699999911,48.38,130.4,178.78
SHORT,2024-12-19 11:33:00+05:30,4292.303400000001,87,2024-12-19 11:39:00+05:30,4303.64935,CROSS_UP,-1165.9876499999125,-987.0976499999124,48.4,130.49,178.89000000000001
LONG,2024-12-24 09:48:00+05:30,4213.3090999999995,89,2024-12-24 09:54:00+05:30,4191.35445,CROSS_DOWN,-2132.763849999971,-1953.963849999971,48.43,130.37,178.8
SHORT,2024-12-26 10:27:00+05:30,4152.0437999999995,90,2024-12-26 10:33:00+05:30,4171.317149999999,CROSS_UP,-1913.6214999999534,-1734.6014999999534,48.46,130.56,179.02
LONG,2024-12-27 13:51:00+05:30,4173.51935,89,2024-12-27 13:57:00+05:30,4164.1317,CROSS_DOWN,-1013.3808499999703,-835.5008499999703,48.2,129.68,177.88
SHORT,2024-12-30 10:15:00+05:30,4154.59125,89,2024-12-30 10:21:00+05:30,4162.157999999999,CROSS_UP,-851.0007499999151,-673.4407499999152,48.13,129.43,177.56
LONG,2025-01-01 09:57:00+05:30,4103.098999999999,90,2025-01-01 10:03:00+05:30,4085.8101,CROSS_DOWN,-1732.9109999999193,-1556.0009999999193,48.06,128.85,176.91
SHORT,2025-01-03 11:00:00+05:30,4101.6942,89,2025-01-03 11:06:00+05:30,4112.45835,CROSS_UP,-1133.9393499999976,-958.0093499999975,47.84,128.09,175.93
LONG,2025-01-08 13:15:00+05:30,4053.9498999999996,90,2025-01-08 13:21:00+05:30,4051.944,CROSS_DOWN,-356.27099999996904,-180.53099999996903,47.76,127.98,175.74
SHORT,2025-01-09 13:45:00+05:30,4030.9150499999996,91,2025-01-09 13:51:00+05:30,4045.0409999999997,CROSS_UP,-1462.0314500000093,-1285.4614500000093,47.98,128.59,176.57
LONG,2025-01-10 09:51:00+05:30,4204.149949999999,86,2025-01-10 09:57:00+05:30,4185.3105,CROSS_DOWN,-1794.352699999956,-1620.192699999956,47.54,126.62,174.16
SHORT,2025-01-14 09:54:00+05:30,4279.066650000001,84,2025-01-14 10:00:00+05:30,4291.4872,CROSS_UP,-1217.2761999999086,-1043.3261999999086,47.47,126.48,173.95
LONG,2025-01-16 09:39:00+05:30,4230.025799999999,85,2025-01-16 09:45:00+05:30,4212.383400000001,CROSS_DOWN,-1673.0939999998993,-1499.6039999998993,47.41,126.08,173.49
SHORT,2025-01-16 11:42:00+05:30,4210.8849,85,2025-01-16 11:48:00+05:30,4222.76855,CROSS_UP,-1183.5302499999798,-1010.1102499999797,47.37,126.05,173.42
LONG,2025-01-22 10:51:00+05:30,4129.625499999999,87,2025-01-22 10:57:00+05:30,4119.92595,CROSS_DOWN,-1017.4408499999445,-843.8608499999445,47.39,126.19,173.57999999999998
SHORT,2025-01-23 15:21:00+05:30,4143.4524,86,2025-01-23 15:27:00+05:30,4152.147999999999,CROSS_UP,-920.6615999999229,-747.8215999999229,47.25,125.59,172.84
LONG,2025-01-29 09:45:00+05:30,4101.097,87,2025-01-29 09:51:00+05:30,4095.9,CROSS_DOWN,-624.9589999999705,-452.13899999997057,47.23,125.59,172.82
SHORT,2025-01-30 14:42:00+05:30,4068.927,87,2025-01-30 14:48:00+05:30,4068.0639999999994,CROSS_UP,-96.87899999993576,75.08100000006425,47.04,124.92,171.96
LONG,2025-01-31 10:45:00+05:30,4108.95485,86,2025-01-31 10:51:00+05:30,4100.994900000001,CROSS_DOWN,-856.1056999999553,-684.5556999999553,47.0,124.55,171.55
SHORT,2025-01-31 12:33:00+05:30,4091.65425,87,2025-01-31 12:39:00+05:30,4102.14805,CROSS_UP,-1085.6905999999772,-912.9605999999771,47.24,125.49,172.73
LONG,2025-01-31 14:09:00+05:30,4100.04595,86,2025-01-31 14:15:00+05:30,4098.4974,CROSS_DOWN,-304.61529999995895,-133.17529999995895,46.95,124.49,171.44
SHORT,2025-02-01 12:21:00+05:30,4062.08385,87,2025-02-01 12:27:00+05:30,4064.4103499999997,CROSS_UP,-374.1754999999712,-202.4054999999712,47.02,124.75,171.77
LONG,2025-02-03 15:00:00+05:30,4075.9718999999996,86,2025-02-03 15:06:00+05:30,4065.68025,CROSS_DOWN,-1055.571899999971,-885.081899999971,46.81,123.68,170.49
SHORT,2025-02-05 12:36:00+05:30,4080.3156,86,2025-02-05 12:42:00+05:30,4085.7316499999997,CROSS_UP,-636.690299999984,-465.780299999984,46.87,124.04,170.91
LONG,2025-02-10 12:54:00+05:30,4035.0309999999995,87,2025-02-10 13:00:00+05:30,4033.91205,CROSS_DOWN,-268.24864999996396,-97.34864999996398,46.85,124.05,170.9
SHORT,2025-02-11 10:48:00+05:30,4007.988,87,2025-02-11 10:54:00+05:30,4018.1641499999996,CROSS_UP,-1055.485049999981,-885.3250499999808,46.75,123.41,170.16
LONG,2025-02-14 15:00:00+05:30,3947.59365,88,2025-02-14 15:06:00+05:30,3930.91515,CROSS_DOWN,-1636.9279999999987,-1467.7079999999987,46.61,122.61,169.22
SHORT,2025-02-17 11:09:00+05:30,3910.9851,89,2025-02-17 11:15:00+05:30,3913.6597499999993,CROSS_UP,-407.94384999995316,-238.04384999995318,46.67,123.23,169.9
LONG,2025-02-17 12:09:00+05:30,3928.6747499999997,88,2025-02-17 12:15:00+05:30,3918.7772999999997,CROSS_DOWN,-1039.7855999999942,-870.9755999999943,46.5,122.31,168.81
SHORT,2025-02-17 14:39:00+05:30,3908.5875,89,2025-02-17 14:45:00+05:30,3914.96105,CROSS_UP,-737.0959499999818,-567.2459499999818,46.68,123.17,169.85
LONG,2025-02-21 09:39:00+05:30,3801.2974999999997,91,2025-02-21 09:45:00+05:30,3790.75545,CROSS_DOWN,-1128.1765499999601,-959.3265499999602,46.51,122.34,168.85
SHORT,2025-02-24 09:21:00+05:30,3727.269,92,2025-02-24 09:27:00+05:30,3730.8270999999995,CROSS_UP,-495.4251999999761,-327.3451999999761,46.33,121.75,168.07999999999998
LONG,2025-03-03 12:36:00+05:30,3502.04855,98,2025-03-03 12:42:00+05:30,3496.4001000000003,CROSS_DOWN,-721.548099999969,-553.548099999969,46.33,121.67,168.0
SHORT,2025-03-06 09:33:00+05:30,3542.1542999999997,97,2025-03-06 09:39:00+05:30,3555.4018499999997,CROSS_UP,-1453.3923500000046,-1285.0123500000045,46.44,121.94,168.38
LONG,2025-03-06 14:48:00+05:30,3602.5489499999994,95,2025-03-06 14:54:00+05:30,3591.3051,CROSS_DOWN,-1235.6857499999414,-1068.1657499999415,46.27,121.25,167.52
SHORT,2025-03-10 13:57:00+05:30,3595.7007000000003,95,2025-03-10 14:03:00+05:30,3604.9013,CROSS_UP,-1041.7069999999685,-874.0569999999684,46.28,121.37,167.65
LONG,2025-03-13 14:21:00+05:30,3515.9624499999995,97,2025-03-13 14:27:00+05:30,3509.33715,CROSS_DOWN,-809.8740999999707,-642.6540999999706,46.19,121.03,167.22
SHORT,2025-03-17 11:30:00+05:30,3479.517,97,2025-03-17 11:36:00+05:30,3492.7893,CROSS_UP,-1453.6631000000084,-1287.4131000000084,46.04,120.21,166.25
LONG,2025-03-18 09:54:00+05:30,3537.2837499999996,95,2025-03-18 10:00:00+05:30,3541.455,CROSS_DOWN,230.5187500000311,396.2687500000311,45.85,119.9,165.75
SHORT,2025-03-19 10:18:00+05:30,3472.0245,97,2025-03-19 10:24:00+05:30,3485.2317499999995,CROSS_UP,-1447.0932499999492,-1281.1032499999492,45.99,120.0,165.99
LONG,2025-03-20 09:45:00+05:30,3582.2286499999996,94,2025-03-20 09:51:00+05:30,3556.44,CROSS_DOWN,-2589.3230999999537,-2424.1330999999536,45.9,119.29,165.19
SHORT,2025-03-26 10:36:00+05:30,3662.48385,91,2025-03-26 10:42:00+05:30,3671.1674999999996,CROSS_UP,-954.9321499999535,-790.2121499999535,45.72,119.0,164.72
LONG,2025-03-27 14:30:00+05:30,3651.69805,91,2025-03-27 14:36:00+05:30,3651.5447999999997,CROSS_DOWN,-178.26575000002714,-13.945750000027147,45.61,118.71,164.32
SHORT,2025-03-28 09:30:00+05:30,3617.22915,92,2025-03-28 09:36:00+05:30,3626.5729499999993,CROSS_UP,-1024.1795999999256,-859.6295999999256,45.7,118.85,164.55
LONG,2025-04-02 12:51:00+05:30,3554.0004499999995,93,2025-04-02 12:57:00+05:30,3542.90355,CROSS_DOWN,-1195.4116999999583,-1032.0116999999582,45.49,117.91,163.4
SHORT,2025-04-03 09:21:00+05:30,3460.7358,95,2025-04-03 09:27:00+05:30,3463.10965,CROSS_UP,-388.60574999999506,-225.51574999999502,45.39,117.7,163.09
LONG,2025-04-08 09:27:00+05:30,3269.4161499999996,101,2025-04-08 09:33:00+05:30,3271.5252,CROSS_DOWN,49.36405000004842,213.01405000004843,45.47,118.18,163.65
SHORT,2025-04-09 10:27:00+05:30,3237.8588999999997,102,2025-04-09 10:33:00+05:30,3248.89565,CROSS_UP,-1289.4285000000216,-1125.7485000000215,45.55,118.13,163.68
LONG,2025-04-11 12:09:00+05:30,3263.3600999999994,101,2025-04-11 12:15:00+05:30,3259.8369,CROSS_DOWN,-519.113199999963,-355.84319999996296,45.43,117.84,163.27
SHORT,2025-04-11 13:57:00+05:30,3220.32645,102,2025-04-11 14:03:00+05:30,3218.6654499999995,CROSS_UP,6.4620000000523135,169.42200000005232,45.34,117.62,162.96
LONG,2025-04-15 10:39:00+05:30,3260.4571999999994,101,2025-04-15 10:45:00+05:30,3256.1406,CROSS_DOWN,-599.116599999919,-435.976599999919,45.41,117.73,163.14
SHORT,2025-04-16 11:06:00+05:30,3244.4523,101,2025-04-16 11:12:00+05:30,3251.5483,CROSS_UP,-879.4360000000004,-716.6960000000004,45.35,117.39,162.74
LONG,2025-04-16 13:00:00+05:30,3265.7625,100,2025-04-16 13:06:00+05:30,3257.3394,CROSS_DOWN,-1004.3699999999976,-842.3099999999977,45.23,116.83,162.06
SHORT,2025-04-17 10:21:00+05:30,3225.5712000000003,101,2025-04-17 10:27:00+05:30,3234.1308999999997,CROSS_UP,-1026.6096999999331,-864.5296999999332,45.23,116.85,162.07999999999998
LONG,2025-04-17 13:06:00+05:30,3278.8755999999994,99,2025-04-17 13:12:00+05:30,3273.1236,CROSS_DOWN,-730.8979999999503,-569.4479999999503,45.1,116.35,161.45
SHORT,2025-04-22 10:48:00+05:30,3311.2853999999998,98,2025-04-22 10:54:00+05:30,3321.2178999999996,CROSS_UP,-1135.0249999999892,-973.3849999999893,45.16,116.48,161.64
LONG,2025-04-23 09:45:00+05:30,3390.8875,95,2025-04-23 09:51:00+05:30,3379.4172000000003,CROSS_DOWN,-1250.0984999999523,-1089.6784999999522,44.93,115.49,160.42
SHORT,2025-04-24 12:48:00+05:30,3395.8008,95,2025-04-24 12:54:00+05:30,3400.6973,CROSS_UP,-626.1074999999842,-465.1674999999841,45.0,115.94,160.94
LONG,2025-04-25 09:33:00+05:30,3444.3408999999997,93,2025-04-25 09:39:00+05:30,3445.551,CROSS_DOWN,-47.5906999999778,112.5393000000222,44.81,115.32,160.13
SHORT,2025-04-30 13:15:00+05:30,3453.8427,93,2025-04-30 13:21:00+05:30,3466.4629999999997,CROSS_UP,-1334.1778999999617,-1173.6878999999617,44.95,115.54,160.49
LONG,2025-05-05 10:15:00+05:30,3488.8853999999997,92,2025-05-05 10:21:00+05:30,3474.7218,CROSS_DOWN,-1463.0111999999872,-1303.0511999999871,44.86,115.1,159.95999999999998
SHORT,2025-05-06 09:27:00+05:30,3436.0605,93,2025-05-06 09:33:00+05:30,3447.5440999999996,CROSS_UP,-1227.8647999999598,-1067.97479999996,44.83,115.06,159.89
LONG,2025-05-06 13:51:00+05:30,3467.7643,91,2025-05-06 13:57:00+05:30,3463.4331,CROSS_DOWN,-552.4491999999659,-394.13919999996597,44.5,113.81,158.31
SHORT,2025-05-07 10:00:00+05:30,3429.1674,92,2025-05-07 10:06:00+05:30,3433.1296999999995,CROSS_UP,-522.9515999999712,-364.53159999997115,44.52,113.9,158.42000000000002
LONG,2025-05-08 09:36:00+05:30,3470.3668999999995,91,2025-05-08 09:42:00+05:30,3466.8297000000002,CROSS_DOWN,-480.2951999999365,-321.8851999999365,44.51,113.9,158.41
SHORT,2025-05-09 09:27:00+05:30,3408.3882000000003,92,2025-05-09 09:33:00+05:30,3421.0175999999997,CROSS_UP,-1319.6947999999402,-1161.9047999999402,44.44,113.35,157.79
LONG,2025-05-12 09:21:00+05:30,3516.5129999999995,89,2025-05-12 09:27:00+05:30,3507.0894,CROSS_DOWN,-995.9703999999665,-838.7003999999665,44.33,112.94,157.26999999999998
SHORT,2025-05-13 12:48:00+05:30,3539.1573,88,2025-05-13 12:54:00+05:30,3543.5399999999995,CROSS_UP,-542.66759999997,-385.67759999996997,44.25,112.74,156.99
LONG,2025-05-14 13:27:00+05:30,3558.4548999999997,88,2025-05-14 13:33:00+05:30,3549.5469,CROSS_DOWN,-941.2539999999914,-783.9039999999914,44.34,113.01,157.35000000000002
SHORT,2025-05-15 11:09:00+05:30,3528.8676,88,2025-05-15 11:15:00+05:30,3536.3327999999997,CROSS_UP,-813.6275999999684,-656.9375999999684,44.21,112.48,156.69
LONG,2025-05-15 13:42:00+05:30,3579.9763999999996,87,2025-05-15 13:48:00+05:30,3578.1182999999996,CROSS_DOWN,-318.58469999999323,-161.65469999999323,44.23,112.7,156.93
SHORT,2025-05-16 13:24:00+05:30,3556.6398,87,2025-05-16 13:30:00+05:30,3563.8603,CROSS_UP,-784.4834999999914,-628.1834999999915,44.13,112.17,156.3
LONG,2025-05-20 11:21:00+05:30,3530.0264999999995,88,2025-05-20 11:27:00+05:30,3523.473,CROSS_DOWN,-733.2279999999587,-576.7079999999587,44.17,112.35,156.51999999999998
SHORT,2025-05-20 12:45:00+05:30,3514.7817,88,2025-05-20 12:51:00+05:30,3513.5099999999998,CROSS_UP,-44.300399999979106,111.90960000002087,44.08,112.13,156.20999999999998
LONG,2025-05-21 11:42:00+05:30,3530.6270999999997,87,2025-05-21 11:48:00+05:30,3524.1722999999997,CROSS_DOWN,-716.867599999998,-561.567599999998,43.94,111.36,155.3
SHORT,2025-05-22 09:45:00+05:30,3472.6239,89,2025-05-22 09:51:00+05:30,3481.9784999999997,CROSS_UP,-988.7393999999701,-832.5593999999701,44.12,112.06,156.18
LONG,2025-05-23 10:36:00+05:30,3525.9224,87,2025-05-23 10:42:00+05:30,3518.6778,CROSS_DOWN,-785.4201999999992,-630.2801999999992,43.92,111.22,155.14
SHORT,2025-05-27 10:00:00+05:30,3490.1064,88,2025-05-27 10:06:00+05:30,3500.6971999999996,CROSS_UP,-1087.500399999955,-931.9903999999551,44.0,111.51,155.51
LONG,2025-05-28 14:45:00+05:30,3503.4999999999995,87,2025-05-28 14:51:00+05:30,3495.9006,CROSS_DOWN,-815.5877999999657,-661.1477999999656,43.79,110.65,154.44
SHORT,2025-05-28 15:06:00+05:30,3493.503,87,2025-05-28 15:12:00+05:30,3497.4939999999997,CROSS_UP,-501.5569999999592,-347.21699999995917,43.75,110.59,154.34
LONG,2025-05-28 15:27:00+05:30,3503.6000999999997,87,2025-05-29 09:18:00+05:30,3524.3721,CROSS_DOWN,1652.0140000000338,1807.1640000000339,43.79,111.36,155.15
SHORT,2025-05-29 12:57:00+05:30,3494.6019,87,2025-05-29 13:03:00+05:30,3501.4979999999996,CROSS_UP,-754.3506999999546,-599.9606999999546,43.77,110.62,154.39000000000001
LONG,2025-06-05 11:33:00+05:30,3387.3839999999996,90,2025-06-05 11:39:00+05:30,3380.3163,CROSS_DOWN,-790.5629999999644,-636.0929999999644,43.79,110.68,154.47
SHORT,2025-06-05 13:45:00+05:30,3366.5301,90,2025-06-05 13:51:00+05:30,3374.8714999999997,CROSS_UP,-904.7659999999814,-750.7259999999815,43.72,110.32,154.04
LONG,2025-06-06 15:15:00+05:30,3389.7863999999995,89,2025-06-06 15:21:00+05:30,3383.613,CROSS_DOWN,-702.802599999971,-549.432599999971,43.58,109.79,153.37
SHORT,2025-06-12 10:12:00+05:30,3450.546,88,2025-06-12 10:18:00+05:30,3454.3509,CROSS_UP,-489.0712000000078,-334.8312000000078,43.73,110.51,154.24
LONG,2025-06-13 14:24:00+05:30,3448.3448999999996,88,2025-06-13 14:30:00+05:30,3444.0525,CROSS_DOWN,-531.7811999999838,-377.7311999999838,43.7,110.35,154.05
SHORT,2025-06-18 10:57:00+05:30,3484.7118,86,2025-06-18 11:03:00+05:30,3492.3889,CROSS_UP,-813.1005999999899,-660.2305999999899,43.49,109.38,152.87
LONG,2025-06-20 12:39:00+05:30,3433.8304,88,2025-06-20 12:45:00+05:30,3432.2643,CROSS_DOWN,-291.4768000000005,-137.8168000000005,43.61,110.05,153.66
SHORT,2025-06-23 09:45:00+05:30,3374.3223,89,2025-06-23 09:51:00+05:30,3384.3809999999994,CROSS_UP,-1048.3342999999636,-895.2242999999635,43.55,109.56,153.11
LONG,2025-06-24 10:15:00+05:30,3439.2358,87,2025-06-24 10:21:00+05:30,3431.9646000000002,CROSS_DOWN,-785.0743999999722,-632.5943999999722,43.42,109.06,152.48000000000002
SHORT,2025-06-24 14:42:00+05:30,3384.9117,88,2025-06-24 14:48:00+05:30,3392.3889999999997,CROSS_UP,-810.2323999999612,-658.0023999999612,43.37,108.86,152.23
LONG,2025-06-25 11:36:00+05:30,3419.8163999999997,87,2025-06-25 11:42:00+05:30,3411.7848,CROSS_DOWN,-850.6091999999825,-698.7491999999825,43.3,108.56,151.86
SHORT,2025-06-25 12:51:00+05:30,3406.3902000000003,87,2025-06-25 12:57:00+05:30,3415.2117999999996,CROSS_UP,-919.1791999999398,-767.4791999999397,43.28,108.42,151.7
LONG,2025-06-25 13:15:00+05:30,3425.5220999999997,86,2025-06-25 13:21:00+05:30,3420.4761000000003,CROSS_DOWN,-584.8659999999455,-433.95599999994556,43.11,107.8,150.91
SHORT,2025-06-27 14:51:00+05:30,3435.7608,86,2025-06-27 14:57:00+05:30,3443.2398,CROSS_UP,-794.573999999984,-643.193999999984,43.21,108.17,151.38
LONG,2025-06-30 12:21:00+05:30,3464.1606999999995,85,2025-06-30 12:27:00+05:30,3453.6429,CROSS_DOWN,-1044.7329999999681,-894.0129999999681,43.1,107.62,150.72
SHORT,2025-07-01 11:45:00+05:30,3436.56,85,2025-07-01 11:51:00+05:30,3443.5400999999997,CROSS_UP,-743.4984999999801,-593.3084999999801,42.98,107.21,150.19
LONG,2025-07-02 10:33:00+05:30,3454.1506999999992,85,2025-07-02 10:39:00+05:30,3442.554,CROSS_DOWN,-1136.1094999999273,-985.7194999999274,43.04,107.35,150.39
SHORT,2025-07-02 12:36:00+05:30,3430.7657999999997,85,2025-07-02 12:42:00+05:30,3436.6331999999993,CROSS_UP,-648.7489999999689,-498.7289999999689,42.95,107.07,150.01999999999998
LONG,2025-07-04 12:30:00+05:30,3420.9174999999996,85,2025-07-04 12:36:00+05:30,3417.0795,CROSS_DOWN,-475.81999999997777,-326.22999999997774,42.86,106.73,149.59
SHORT,2025-07-07 15:18:00+05:30,3406.8897,85,2025-07-07 15:24:00+05:30,3413.2097999999996,CROSS_UP,-686.5084999999538,-537.2084999999538,42.81,106.49,149.3
LONG,2025-07-15 11:15:00+05:30,3256.9536999999996,89,2025-07-15 11:21:00+05:30,3251.6451,CROSS_DOWN,-621.6953999999455,-472.4653999999455,42.8,106.43,149.23000000000002
SHORT,2025-07-16 11:12:00+05:30,3227.769,90,2025-07-16 11:18:00+05:30,3235.3320999999996,CROSS_UP,-830.3089999999864,-680.6789999999864,42.88,106.75,149.63
LONG,2025-07-22 11:48:00+05:30,3167.4642999999996,91,2025-07-22 11:54:00+05:30,3163.1337000000003,CROSS_DOWN,-542.7645999999384,-394.0845999999383,42.69,105.99,148.68
SHORT,2025-07-22 14:00:00+05:30,3160.3365,91,2025-07-22 14:06:00+05:30,3170.0669,CROSS_UP,-1034.0863999999924,-885.4663999999925,42.7,105.92,148.62
